id,username,password,is_verified,is_banned
1,congngheetc,123456,0,0
2,vienthongelcom,123456,0,0
3,humaxvietnam,123456,0,0
4,vietnammsb,123456,0,0
5,crossian,123456,0,0
6,dichvuwin,123456,0,0
7,ttcvietnam,123456,0,0
8,shinhanvietnam,123456,0,0
9,tytnhhmageplaza,123456,0,0
10,vatruyenthong,123456,0,0
11,vugiaodich,123456,0,0
12,hochiminh,123456,0,0
13,tnhhcloudace,123456,0,0
14,voliovietnam,123456,0,0
15,tytnhhgameloft,123456,0,0
16,congnghent,123456,0,0
17,hochiminh_2,123456,0,0
18,nghevuthao,123456,0,0
19,longvietnam,123456,0,0
20,tphcmsaigoncoop,123456,0,0
21,cophanbdasc,123456,0,0
22,infiniqvietnamcoltd,123456,0,0
23,onetechasia,123456,0,0
24,syncpartners,123456,0,0
25,techvietnam,123456,0,0
26,congnghetrinity,123456,0,0
27,vienthongvinafore,123456,0,0
28,dungvietnam,123456,0,0
29,thucphamth,123456,0,0
30,hanoi,123456,0,0
31,thaisohahaho,123456,0,0
32,vienthongmobifone,123456,0,0
33,vietteltelecom,123456,0,0
34,cophandmspro,123456,0,0
35,truongthanhnam,123456,0,0
36,tnhhoneuniversevn,123456,0,0
37,congtysmartosc,123456,0,0
38,solislab,123456,0,0
39,congnghemigi,123456,0,0
40,thongtruyenhinh,123456,0,0
41,tinvietnam,123456,0,0
42,imtsolutionscorp,123456,0,0
43,pgbank,123456,0,0
44,nustechnology,123456,0,0
45,piragovietnam,123456,0,0
46,phantaiviet,123456,0,0
47,thongiitiittechcom,123456,0,0
48,thanhvienisofhcare,123456,0,0
49,fptsoftware,123456,0,0
50,nghevmoholdings,123456,0,0
51,tpssoftware,123456,0,0
52,morsoftwarehn,123456,0,0
53,sisuadigitalvietnam,123456,0,0
54,nexcelsolutions,123456,0,0
55,cophansynodus,123456,0,0
56,pentalogvietnam,123456,0,0
57,hamsacorporation,123456,0,0
58,ascomvietnam,123456,0,0
59,dienhopnhat,123456,0,0
60,phanweegoonglobal,123456,0,0
61,congngheavg,123456,0,0
62,tructuyenvietnambiz,123456,0,0
63,sonatgamestudio,123456,0,0
64,kgroup,123456,0,0
65,thongminhselex,123456,0,0
66,bituvietnam,123456,0,0
67,agiletechvietnam,123456,0,0
68,rakusvietnam,123456,0,0
69,chuanvietvang,123456,0,0
70,tnhhkindycity,123456,0,0
71,datacommunicationvietnam,123456,0,0
72,ezcloudtoancau,123456,0,0
73,lotustechnologyservices,123456,0,0
74,congngheitc,123456,0,0
75,tapdoanomi,123456,0,0
76,nashtech,123456,0,0
77,cophanestuary,123456,0,0
78,inappstechnology,123456,0,0
79,phanmemdth,123456,0,0
80,gmozcomrunsystem,123456,0,0
81,acfccoltd,123456,0,0
82,dzsvietnam,123456,0,0
83,congnghevdc,123456,0,0
84,tnhhhomenaycommerce,123456,0,0
85,technologyvietnam,123456,0,0
86,thongtinfpt,123456,0,0
87,reachtechhanoi,123456,0,0
88,tnhhmetadatasolutions,123456,0,0
89,ecrvietnam,123456,0,0
90,kutonhatban,123456,0,0
91,logisticscoltd,123456,0,0
92,vatruyenthong_2,123456,0,0
93,softwarevietnam,123456,0,0
94,tytnhhhaposoft,123456,0,0
95,vasanxuat,123456,0,0
96,hoavietnam,123456,0,0
97,zlinkvietnam,123456,0,0
98,vanhoaviet,123456,0,0
99,ngheoryzasystems,123456,0,0
100,niteco,123456,0,0
101,sandinhgames,123456,0,0
102,taichinhdcv,123456,0,0
103,congnghealtek,123456,0,0
104,monamedia,123456,0,0
105,sieusieunho,123456,0,0
106,tytnhhaegona,123456,0,0
107,luaachau,123456,0,0
108,truyenthongiit,123456,0,0
109,congnghenexdata,123456,0,0
110,tycpstarfruit,123456,0,0
111,unitcorp,123456,0,0
112,congnghehub,123456,0,0
113,thongvulong,123456,0,0
114,nhanhmienbac,123456,0,0
115,ungdungaprotrain,123456,0,0
116,amarisvietnam,123456,0,0
117,smartcubevietnam,123456,0,0
118,toancauomega,123456,0,0
119,ambitionvietnam,123456,0,0
120,tnhhfriendifyai,123456,0,0
121,congnghehebela,123456,0,0
122,cophanbliss,123456,0,0
123,phanmetawayholdings,123456,0,0
124,cophanwarppipe,123456,0,0
125,softwarevietnam_2,123456,0,0
126,thongquandoi,123456,0,0
127,dichvutsg,123456,0,0
128,tnhhtesterviet,123456,0,0
129,truyenthongiris,123456,0,0
130,tmdvthuduc,123456,0,0
131,congnghefibo,123456,0,0
132,spantechvietnam,123456,0,0
133,dongnama,123456,0,0
134,phanmemneko,123456,0,0
135,marketingvietnam,123456,0,0
136,memnamviet,123456,0,0
137,thinhvuongvpbank,123456,0,0
138,tytnhhgleads,123456,0,0
139,phucquocte,123456,0,0
140,peasoftvietnam,123456,0,0
141,phanrikaimind,123456,0,0
142,bazookagamestudio,123456,0,0
143,nghearcherstudio,123456,0,0
144,tlcvietnam,123456,0,0
145,viettelsoftwareservices,123456,0,0
146,tinhthuannhan,123456,0,0
147,icetealabs,123456,0,0
148,instituteofmanagement,123456,0,0
149,phattrienfabbi,123456,0,0
150,bmbsoftvietnam,123456,0,0
151,incvietnambranch,123456,0,0
152,viettelperu,123456,0,0
153,tytnhhevergloww,123456,0,0
154,thongtinenouvo,123456,0,0
155,ftechcoltd,123456,0,0
156,notavietnam,123456,0,0
157,sconnectvietnam,123456,0,0
158,tyzigexnventura,123456,0,0
159,tytnhhanfin,123456,0,0
160,doanhphunganh,123456,0,0
161,cophanrikkeisoft,123456,0,0
162,cophanints,123456,0,0
163,nghekimcuong,123456,0,0
164,ichibavietnam,123456,0,0
165,giaohangahamove,123456,0,0
166,nghivietnam,123456,0,0
167,khoanphuhung,123456,0,0
168,tructuyenmegaads,123456,0,0
169,dulieuvbee,123456,0,0
170,basebusinesssolutions,123456,0,0
171,technologiesvietnam,123456,0,0
172,tytnhhplaycity,123456,0,0
173,giaiphapcmc,123456,0,0
174,bogovietnam,123456,0,0
175,phanmemmor,123456,0,0
176,erasgroup,123456,0,0
177,tapdoanpowergate,123456,0,0
178,phanmemkaopiz,123456,0,0
179,memtinhvan,123456,0,0
180,transcosmosvietnam,123456,0,0
181,congnghekiotviet,123456,0,0
182,blokpartipteltd,123456,0,0
183,hanotranshaiphong,123456,0,0
184,mayhaianh,123456,0,0
185,professionsvn,123456,0,0
186,nghecaovn,123456,0,0
187,chungkhoanfpt,123456,0,0
188,daiduongxanh,123456,0,0
189,tuhungthinh,123456,0,0
190,vienthongasim,123456,0,0
191,electromechanicsvietnam,123456,0,0
192,giaoducfpt,123456,0,0
193,foodcoltd,123456,0,0
194,splussoftware,123456,0,0
195,aperotechnologiesgroup,123456,0,0
196,oppovietnam,123456,0,0
197,truyenthong3i,123456,0,0
198,schneiderelectricvietnam,123456,0,0
199,congnghevietnix,123456,0,0
200,tnhhcoccoc,123456,0,0
201,worldcatba,123456,0,0
202,duongvietnam,123456,0,0
203,thongcmctelecom,123456,0,0
204,sdsvietnam,123456,0,0
205,centervietnam,123456,0,0
206,cophanvccorp,123456,0,0
207,tnhhzinzatechnology,123456,0,0
208,nccplusvietnam,123456,0,0
209,tructuyenaladanh,123456,0,0
210,vutringhia,123456,0,0
211,phansaltluxtechnology,123456,0,0
212,hocdulieu,123456,0,0
213,earablevietnam,123456,0,0
214,vslvietnam,123456,0,0
215,tytnhhelliot,123456,0,0
216,hutvietnam,123456,0,0
217,dongvietvietunion,123456,0,0
218,tapdoanvmed,123456,0,0
219,tytnhhbuymed,123456,0,0
220,nghevietinfovietinfo,123456,0,0
221,mobiworkvietnam,123456,0,0
222,vacxinvietnam,123456,0,0
223,vienleostudio,123456,0,0
224,phanmemmor_2,123456,0,0
225,congnghedtt,123456,0,0
226,giaiphapitss,123456,0,0
227,saosaigon,123456,0,0
228,nghesongs,123456,0,0
229,tltek,123456,0,0
230,techvifysoftwarejsc,123456,0,0
231,truyenthongxtel,123456,0,0
232,minhanphuc,123456,0,0
233,titantechnologycorporation,123456,0,0
234,cmcsaigon,123456,0,0
235,congnghedtt_2,123456,0,0
236,toancauaveo,123456,0,0
237,ahlongquan,123456,0,0
238,sangtiendu,123456,0,0
239,softwarevietnam_3,123456,0,0
240,nghiencuuan,123456,0,0
241,digiexgroup,123456,0,0
242,tytnhhnelisoftwares,123456,0,0
243,tnhhfivestarelearning,123456,0,0
244,adavietnam,123456,0,0
245,lawsonnetworkssolution,123456,0,0
246,lifesup,123456,0,0
247,taureau,123456,0,0
248,cophansphinx,123456,0,0
249,goldengategroup,123456,0,0
250,tuyenvimomo,123456,0,0
251,riovietnam,123456,0,0
252,kythuattemas,123456,0,0
253,chipsjsc,123456,0,0
254,hiemhangkhong,123456,0,0
255,tytnhhsharesource,123456,0,0
256,tnhhsesgroup,123456,0,0
257,solutionscompanylimited,123456,0,0
258,daehovietnam,123456,0,0
259,cntttoancau,123456,0,0
260,tytnhhdmobin,123456,0,0
261,groupvietnam,123456,0,0
262,tnhhdraphonyvietnam,123456,0,0
263,thundersoftvietnam,123456,0,0
264,tytnhhtimind,123456,0,0
265,kmstechnologyvietnam,123456,0,0
266,cuctaytrading,123456,0,0
267,kmstechnologyvietnam_2,123456,0,0
268,winvietnam,123456,0,0
269,ladipagevietnam,123456,0,0
270,namboxstudio,123456,0,0
271,cloudtechlimited,123456,0,0
272,phapsaomai,123456,0,0
273,cophanadone,123456,0,0
274,paditechvietnam,123456,0,0
275,giaoducmellori,123456,0,0
276,hangtietkiem,123456,0,0
277,tnhhpuzzlestudio,123456,0,0
278,congngheindti,123456,0,0
279,digitalprocessingservices,123456,0,0
280,bssgroup,123456,0,0
281,logisticsvietnam,123456,0,0
282,hophtvcellphones,123456,0,0
283,phanmayhai,123456,0,0
284,tnhhmumesoftinnovation,123456,0,0
285,kythuatso,123456,0,0
286,cystackvietnam,123456,0,0
287,mangvietnam,123456,0,0
288,congnghevtcode,123456,0,0
289,thongquandoi_2,123456,0,0
290,memvtvcab,123456,0,0
291,labvietnam,123456,0,0
292,congnghevacs,123456,0,0
293,congngheici,123456,0,0
294,neonproduction,123456,0,0
295,vietteldigital,123456,0,0
296,technologiesvietnam_2,123456,0,0
297,intagevietnam,123456,0,0
298,cophanmattech,123456,0,0
299,seysolutions,123456,0,0
300,dautureti,123456,0,0
301,giaoducf8,123456,0,0
302,valofevietnam,123456,0,0
303,mythucuc,123456,0,0
304,cophangem,123456,0,0
305,vietnamvnpay,123456,0,0
306,ohmidasvietnam,123456,0,0
307,metalproductsvietnam,123456,0,0
308,truyenthonggtel,123456,0,0
309,phattrienaddon,123456,0,0
310,caobaolong,123456,0,0
311,dangctcp,123456,0,0
312,interspacevietnam,123456,0,0
313,cophanvccorp_2,123456,0,0
314,tnhhcowayvina,123456,0,0
315,tomosiacoltd,123456,0,0
316,giaoducfuturelang,123456,0,0
317,congngheamcolab,123456,0,0
318,todienemtek,123456,0,0
319,iapptechasians,123456,0,0
320,nhapkhauhico,123456,0,0
321,hangtietkiem_2,123456,0,0
322,phanconcung,123456,0,0
323,dechangvietnam,123456,0,0
324,binhvietduc,123456,0,0
325,trustvietnam,123456,0,0
326,kteam,123456,0,0
327,constructionitvietnam,123456,0,0
328,congnghegadget,123456,0,0
329,quoctelim,123456,0,0
330,congnghebeetech,123456,0,0
331,congnghefuji,123456,0,0
332,dienthoaivui,123456,0,0
333,taapvietnam,123456,0,0
334,cophanmycelebvn,123456,0,0
335,phansmarttensoftware,123456,0,0
336,ttcvietnam_2,123456,0,0
337,hedspibrotherslab,123456,0,0
338,solarvietnam,123456,0,0
339,truyenthongsamo,123456,0,0
340,nghegiacat,123456,0,0
341,huongvietgroup,123456,0,0
342,vienthongfpt,123456,0,0
343,masscomvietnam,123456,0,0
344,aseanbusinesscenter,123456,0,0
345,vccorpsohagame,123456,0,0
346,cophantcom,123456,0,0
347,solutionsvietnam,123456,0,0
348,cophanedoctor,123456,0,0
349,thongvietnam,123456,0,0
350,tytnhhyopaz,123456,0,0
351,hicophukien,123456,0,0
352,vndirect,123456,0,0
353,playgroundcoltd,123456,0,0
354,sealvietnam,123456,0,0
355,vinatechvietnam,123456,0,0
356,congnghelogsik,123456,0,0
357,vietnam,123456,0,0
358,digitaltechnologycoltd,123456,0,0
359,phannalsolutions,123456,0,0
360,toshikovietnam,123456,0,0
361,quoctetaki,123456,0,0
362,thuongvietnam,123456,0,0
363,congnghevietsens,123456,0,0
364,phanvnextsoftware,123456,0,0
365,cophanmyspa,123456,0,0
366,itdgroup,123456,0,0
367,phuthaiholdings,123456,0,0
368,opnvietnam,123456,0,0
369,cedovietnam,123456,0,0
370,congnghentek,123456,0,0
371,expressthanhdat,123456,0,0
372,worldvietnam,123456,0,0
373,thucvietnang,123456,0,0
374,truyenthongnetviet,123456,0,0
375,dinhgianet,123456,0,0
376,nghesovar,123456,0,0
377,cophanipl,123456,0,0
378,tacovietnam,123456,0,0
379,truyenthongwiwatech,123456,0,0
380,phancarevn,123456,0,0
381,svtech,123456,0,0
382,dahandmadegento,123456,0,0
383,phansavisdigital,123456,0,0
384,phansavisdigital_2,123456,0,0
385,lampart,123456,0,0
386,ibeanstudio,123456,0,0
387,khethong,123456,0,0
388,binhdinhbidiphar,123456,0,0
389,phangalaxyplay,123456,0,0
390,chuyencuaban,123456,0,0
391,monstarlabvietnam,123456,0,0
392,tnhhjufengtech,123456,0,0
393,vitalifyachau,123456,0,0
394,congnghegconnect,123456,0,0
395,tytnhhgreenapps,123456,0,0
396,technologiesvietnam_3,123456,0,0
397,dichvuxgame,123456,0,0
398,outcubatorvietnam,123456,0,0
399,hoclacviet,123456,0,0
400,45cmvinacompany,123456,0,0
401,cadenavietnam,123456,0,0
402,avepointvietnam,123456,0,0
403,dienvietnam,123456,0,0
404,quoctefpt,123456,0,0
405,tycpinterlink,123456,0,0
406,congnghefinviet,123456,0,0
407,thuongmainago,123456,0,0
408,nodeflair,123456,0,0
409,cophaninsmart,123456,0,0
410,congnghegadget_2,123456,0,0
411,vccorp,123456,0,0
412,phap8gio,123456,0,0
413,angeeivietnam,123456,0,0
414,trienhannguyen,123456,0,0
415,beaevietnam,123456,0,0
416,hochiminh_3,123456,0,0
417,arctxllc,123456,0,0
418,tehanoi,123456,0,0
419,foxcodestudio,123456,0,0
420,unicavietnam,123456,0,0
421,nhanhnhattin,123456,0,0
422,lvagvietnam,123456,0,0
423,nghecaoctech,123456,0,0
424,amelavietnam,123456,0,0
425,holdstationvietnam,123456,0,0
426,tytnhhtechcraft,123456,0,0
427,ngheanphat,123456,0,0
428,thongvietnamneticom,123456,0,0
429,xgame,123456,0,0
430,khautruongan,123456,0,0
431,foodvietnam,123456,0,0
432,nhaphuongnam,123456,0,0
433,gsigrouplimited,123456,0,0
434,dungsoosp,123456,0,0
435,nghejustintimesolutions,123456,0,0
436,intimesolutions,123456,0,0
437,tngholdingsvietnam,123456,0,0
438,vietnamcoltd,123456,0,0
439,flowarevietnam,123456,0,0
440,vietnameximbank,123456,0,0
441,annamgourmet,123456,0,0
442,tuanbinh,123456,0,0
443,thongtinfpt_2,123456,0,0
444,newspacehome,123456,0,0
445,binhduongbiconsi,123456,0,0
446,dipvietnam,123456,0,0
447,engineersvietnam,123456,0,0
448,songcuatoi,123456,0,0
449,congnghetnt,123456,0,0
450,tnhhceressolutions,123456,0,0
451,isbvietnam,123456,0,0
452,hocxuanan,123456,0,0
453,tytnhhinfoplus,123456,0,0
454,phanbibomarttm,123456,0,0
455,nghesoadamo,123456,0,0
456,tytnhhcorize,123456,0,0
457,phanterasglobal,123456,0,0
458,phanntqsolution,123456,0,0
459,cophannegaxy,123456,0,0
460,snstvietnam,123456,0,0
461,technologysolutionjsc,123456,0,0
462,juniwervietnam,123456,0,0
463,cophannexle,123456,0,0
464,tycpsavvycom,123456,0,0
465,sumivietnam,123456,0,0
466,tnhhrivercranevietnam,123456,0,0
467,kinhdoanhtn,123456,0,0
468,tnhhpixiumedia,123456,0,0
469,camxucviet,123456,0,0
470,tokyotechlab,123456,0,0
471,tnhhmingroup,123456,0,0
472,phanadamosoftware,123456,0,0
473,optimizervietnam,123456,0,0
474,tuwellycorp,123456,0,0
475,congngheviettech,123456,0,0
476,onememberlimited,123456,0,0
477,phanregzgames,123456,0,0
478,cophanigb,123456,0,0
479,kinhdoanhf88,123456,0,0
480,cophanfuntap,123456,0,0
481,nghecybereye,123456,0,0
482,dienvietnam_2,123456,0,0
483,uxper,123456,0,0
484,quoctegimasys,123456,0,0
485,tnhhdaeyeongvina,123456,0,0
486,softwaredevelopmentcorporation,123456,0,0
487,congnghesavis,123456,0,0
488,congnghezens,123456,0,0
489,fastcodingvietnam,123456,0,0
490,mucinvmax,123456,0,0
491,thongtinqikify,123456,0,0
492,ngheblueocean,123456,0,0
493,congnghedl,123456,0,0
494,tscvietnam,123456,0,0
495,phanmemblackwind,123456,0,0
496,nhanhmocchau,123456,0,0
497,namltdco,123456,0,0
498,velonghai,123456,0,0
499,chungkhoanvpbank,123456,0,0
500,congnghenos,123456,0,0
501,jprotechtechnology,123456,0,0
502,gspit,123456,0,0
503,dvsanbulsolutions,123456,0,0
504,tnhhjoysoftgo,123456,0,0
505,tnhhkikisoftware,123456,0,0
506,truyenthongtcom,123456,0,0
507,thuypethealth,123456,0,0
508,loopsmartpos,123456,0,0
509,cnttbidv,123456,0,0
510,tubinhanh,123456,0,0
511,cophanvinschool,123456,0,0
512,thinkvietnam,123456,0,0
513,songninhbinh,123456,0,0
514,o2vietnam,123456,0,0
515,hopthanhphat,123456,0,0
516,anhnguapax,123456,0,0
517,congtyvenesa,123456,0,0
518,meusolutions,123456,0,0
519,nghesendo,123456,0,0
520,thongsovtc,123456,0,0
521,cybridgeachau,123456,0,0
522,thuongmaitokuyo,123456,0,0
523,memanbien,123456,0,0
524,tycpvinhomes,123456,0,0
525,2nfsoftware,123456,0,0
526,cophangamee,123456,0,0
527,truongtanphat,123456,0,0
528,go2joyvietnam,123456,0,0
529,softwarevietnam_4,123456,0,0
530,tylevincigroup,123456,0,0
531,doisonextpay,123456,0,0
532,nghesovitam,123456,0,0
533,khaumtgroup,123456,0,0
534,cophanpionero,123456,0,0
535,bouncegamestudio,123456,0,0
536,cophanvinasimex,123456,0,0
537,cophanwoodsland,123456,0,0
538,dichvuimap,123456,0,0
539,joliesiam,123456,0,0
540,systemgearvietnam,123456,0,0
541,bluebottledigitalvietnam,123456,0,0
542,congngheitg,123456,0,0
543,andservicesjsc,123456,0,0
544,sekishovietnam,123456,0,0
545,cophanemddi,123456,0,0
546,keikovietnam,123456,0,0
547,minupteltd,123456,0,0
548,cauhaidang,123456,0,0
549,thuatsofpt,123456,0,0
550,tanvinhphat,123456,0,0
551,congnghevinorsoft,123456,0,0
552,nghesaovega,123456,0,0
553,giantyvietnam,123456,0,0
554,quoctelangmaster,123456,0,0
555,vietnamcoltd_2,123456,0,0
556,tnhhnhatnuoc,123456,0,0
557,tytnhhcloudmedia,123456,0,0
558,musashivietnam,123456,0,0
559,efetechnology,123456,0,0
560,phansoiden,123456,0,0
561,politetechsoftware,123456,0,0
562,aseabank,123456,0,0
563,cophanmirabo,123456,0,0
564,phanbanvien,123456,0,0
565,tudongvetc,123456,0,0
566,phaninnsaigon,123456,0,0
567,tapdoannagakawa,123456,0,0
568,khauwipicorp,123456,0,0
569,sopenvietnam,123456,0,0
570,zen8labs,123456,0,0
571,congngheacl,123456,0,0
572,archmagegamesstudio,123456,0,0
573,ycommvietnam,123456,0,0
574,thongbanmai,123456,0,0
575,phanmkvision,123456,0,0
576,digicommercegroup,123456,0,0
577,tytnhhwakesize,123456,0,0
578,hiwork,123456,0,0
579,thethaovtvcab,123456,0,0
580,tytnhhsmyou,123456,0,0
581,tnhhworldcraftlogistics,123456,0,0
582,selarasvietnam,123456,0,0
583,congnghehacom,123456,0,0
584,chungkhoandnse,123456,0,0
585,congngheelsaga,123456,0,0
586,tapdoanfit,123456,0,0
587,convertdigital,123456,0,0
588,tnhhsontung,123456,0,0
589,tytnhhsolazu,123456,0,0
590,thuongmaitektra,123456,0,0
591,cophanappotapay,123456,0,0
592,shinhanfinance,123456,0,0
593,fecredit,123456,0,0
594,sotavietnam,123456,0,0
595,doanapecgroup,123456,0,0
596,thaibinhduong,123456,0,0
597,asiatrendtech,123456,0,0
598,giaiphaphacode,123456,0,0
599,tructuyenunica,123456,0,0
600,sobachkhoa,123456,0,0
601,wata,123456,0,0
602,tytnhhgits,123456,0,0
603,ikamevietnam,123456,0,0
604,tapdoannexttech,123456,0,0
605,tapdoannovaon,123456,0,0
606,maiphuongdung,123456,0,0
607,tnhhquangtin,123456,0,0
608,phanmemmoha,123456,0,0
609,thanhcongthacotech,123456,0,0
610,solutionsvietnam_2,123456,0,0
611,phanmem2nf,123456,0,0
612,congnghesotatek,123456,0,0
613,congnghetimetech,123456,0,0
614,kiaisoftvietnam,123456,0,0
615,tytnhhtransformhub,123456,0,0
616,phanmemdsoft,123456,0,0
617,tnhhlptechnology,123456,0,0
618,dienquannetwork,123456,0,0
619,kitevietnam,123456,0,0
620,phanmemfpt,123456,0,0
621,cpitrvn,123456,0,0
622,nghesmartparking,123456,0,0
623,phanmemhosco,123456,0,0
624,zalo,123456,0,0
625,iposvn,123456,0,0
626,go2joyvietnam_2,123456,0,0
627,truyenthongdagoras,123456,0,0
628,stengineering,123456,0,0
629,thuongmaimeko,123456,0,0
630,lichhoanglam,123456,0,0
631,globalonlinebranding,123456,0,0
632,congngheezlabs,123456,0,0
633,thuongmaisoftdreams,123456,0,0
634,tytnhhofficience,123456,0,0
635,tytnhhmagezon,123456,0,0
636,keoachau,123456,0,0
637,phuongnamvina,123456,0,0
638,autosupportingindustry,123456,0,0
639,windsoftvietnam,123456,0,0
640,kythuatvtech,123456,0,0
641,phanmemoos,123456,0,0
642,truyenthongwg,123456,0,0
643,tevietuc,123456,0,0
644,phoisynnexfpt,123456,0,0
645,vpdanang,123456,0,0
646,congngheffa,123456,0,0
647,gioisodigiworld,123456,0,0
648,tulamcuong,123456,0,0
649,ngheizisoftware,123456,0,0
650,yogacenters,123456,0,0
651,techvietnam_2,123456,0,0
652,topicanativex,123456,0,0
653,tytnhhhqsoft,123456,0,0
654,logitemvietnam,123456,0,0
655,thongtoancau,123456,0,0
656,dichvunina,123456,0,0
657,technologyvietnam_2,123456,0,0
658,cphephaestustechnology,123456,0,0
659,braunvietnam,123456,0,0
660,dichvuprocare,123456,0,0
661,vudidong,123456,0,0
662,congtyhomedy,123456,0,0
663,vienthongdolphin,123456,0,0
664,migimigitek,123456,0,0
665,ekoiostechnology,123456,0,0
666,sangtaorocket,123456,0,0
667,phantorusengineering,123456,0,0
668,usolvietnam,123456,0,0
669,nghethanglong,123456,0,0
670,cophantekmedi,123456,0,0
671,congnghecssolution,123456,0,0
672,ngheviettuan,123456,0,0
673,rdbranch,123456,0,0
674,laocai,123456,0,0
675,cophandamsan,123456,0,0
676,toancaugds,123456,0,0
677,tapdoang,123456,0,0
678,congngheeup,123456,0,0
679,thongquocte,123456,0,0
680,binhbca,123456,0,0
681,thudomultimedia,123456,0,0
682,vunamlong,123456,0,0
683,thongquocte_2,123456,0,0
684,nghetamkhoa,123456,0,0
685,tesomedon,123456,0,0
686,phanmemexsoft,123456,0,0
687,youmedvietnam,123456,0,0
688,tnhhmumesoftinnovation_2,123456,0,0
689,saohanoi,123456,0,0
690,icommtechjsc,123456,0,0
691,apactech,123456,0,0
692,congngheresdii,123456,0,0
693,netmarksvietnam,123456,0,0
694,ngheprotechcomputer,123456,0,0
695,icommvietnam,123456,0,0
696,bacoorvietnam,123456,0,0
697,tuyenhoanglinh,123456,0,0
698,norwaypharmatechas,123456,0,0
699,thibonggroup,123456,0,0
700,fusionvietnam,123456,0,0
701,keficovietnam,123456,0,0
702,tapdoanhq,123456,0,0
703,tytnhhagilino,123456,0,0
704,deepcarevietnam,123456,0,0
705,congnghedng,123456,0,0
706,thonghangkhong,123456,0,0
707,nghephyscodeviet,123456,0,0
708,solpacvietnam,123456,0,0
709,nghehealthcarenow,123456,0,0
710,iecgames,123456,0,0
711,mhealthtechnologies,123456,0,0
712,nguieltsvietop,123456,0,0
713,rubydevelopmentvietnam,123456,0,0
714,vietnamcoltd_3,123456,0,0
715,cophanichiisoft,123456,0,0
716,athenafintechsolution,123456,0,0
717,vutechnologyorbit,123456,0,0
718,beautyspa,123456,0,0
719,sovietnam,123456,0,0
720,quoctealt,123456,0,0
721,cophandt24vn,123456,0,0
722,sovietnam_2,123456,0,0
723,congty28,123456,0,0
724,tytnhhmksy,123456,0,0
725,siliconcubevietnam,123456,0,0
726,varoboticsaubot,123456,0,0
727,nghieptruonghai,123456,0,0
728,owsvietnam,123456,0,0
729,logixtechnology,123456,0,0
730,tytnhhvttek,123456,0,0
731,itcojsc,123456,0,0
732,tnhh123website,123456,0,0
733,tnhhjungtalents,123456,0,0
734,congngheintx,123456,0,0
735,tytnhhrakumo,123456,0,0
736,shoppingcoltd,123456,0,0
737,hvcgsoftware,123456,0,0
738,phanmemblackwind_2,123456,0,0
739,905vietnam,123456,0,0
740,tnhhmtgtechnology,123456,0,0
741,doanphuthai,123456,0,0
742,landscapevietnam,123456,0,0
743,paynetvietnam,123456,0,0
744,cophanecomkey,123456,0,0
745,dientuminvoice,123456,0,0
746,tapuniversecoltd,123456,0,0
747,systemsvietnam,123456,0,0
748,nguoidilam,123456,0,0
749,iconiccoltd,123456,0,0
750,cophantga,123456,0,0
751,cophantdfoss,123456,0,0
752,vietnamsuzuki,123456,0,0
753,ggblockchaincamp,123456,0,0
754,congngherubicon,123456,0,0
755,academyvietnam,123456,0,0
756,congnghemedici,123456,0,0
757,tytnhhicts,123456,0,0
758,thigiacmeta,123456,0,0
759,wooribankvietnam,123456,0,0
760,phanmemalliance,123456,0,0
761,tnhhtainang,123456,0,0
762,ezgames,123456,0,0
763,thienduongalma,123456,0,0
764,cophaneton,123456,0,0
765,tytnhhdaco,123456,0,0
766,tytnhhbunbu,123456,0,0
767,doaneurowindowholding,123456,0,0
768,chauacb,123456,0,0
769,tienvietnam,123456,0,0
770,namtcmotor,123456,0,0
771,phandolphinsolutions,123456,0,0
772,vandatahouseasia,123456,0,0
773,dulichbestprice,123456,0,0
774,moitruongsingapore,123456,0,0
775,thongviettin,123456,0,0
776,khonggianxanh,123456,0,0
777,maidientu,123456,0,0
778,financialgroupinc,123456,0,0
779,bocongthuong,123456,0,0
780,vietnampvcombank,123456,0,0
781,sinkavietnam,123456,0,0
782,nghetugia,123456,0,0
783,pacificcorporation,123456,0,0
784,minhphuonglogistics,123456,0,0
785,cophanappota,123456,0,0
786,nientienphong,123456,0,0
787,biminhtam,123456,0,0
788,wantvietnam,123456,0,0
789,anthinhphat,123456,0,0
790,labspteltd,123456,0,0
791,quyvieta,123456,0,0
792,congngheviettech_2,123456,0,0
793,dichvuecommage,123456,0,0
794,golfvietnam,123456,0,0
795,hochiminh_4,123456,0,0
796,phantitanglobal,123456,0,0
797,cophanflextech,123456,0,0
798,khachsanguestdiary,123456,0,0
799,cophanhigame,123456,0,0
800,se7engamestudio,123456,0,0
801,vucaocap,123456,0,0
802,vuvietan,123456,0,0
803,datavietnam,123456,0,0
804,videoquocte,123456,0,0
805,cophanteecom,123456,0,0
806,cophanvinafco,123456,0,0
807,difisoftvietnam,123456,0,0
808,xaydungscg,123456,0,0
809,congnghemct,123456,0,0
810,tubinhanh_2,123456,0,0
811,doanvietnga,123456,0,0
812,phanherondlabs,123456,0,0
813,tructuyenato,123456,0,0
814,nghecaoviettel,123456,0,0
815,mbshinseimcredit,123456,0,0
816,cnsvietnam,123456,0,0
817,congnghesgroup,123456,0,0
818,tnhhluxelapt,123456,0,0
819,hocvina,123456,0,0
820,nalvietnam,123456,0,0
821,zlinkvietnam_2,123456,0,0
822,pavietnam,123456,0,0
823,phuctruongminh,123456,0,0
824,visionvietnam,123456,0,0
825,bepos,123456,0,0
826,toancauhyperlogy,123456,0,0
827,vcsvietnam,123456,0,0
828,csgroup,123456,0,0
829,thongmediapower,123456,0,0
830,hangdaiduong,123456,0,0
831,sunasteriskinc,123456,0,0
832,ngheidtinc,123456,0,0
833,cophanphenikaax,123456,0,0
834,congnghentek_2,123456,0,0
835,telehousevietnam,123456,0,0
836,congtrinhviettel,123456,0,0
837,dxctechnologyvietnam,123456,0,0
838,fsivietnam,123456,0,0
839,cophanphenikaax_2,123456,0,0
840,incvietnam,123456,0,0
841,tytnhhvntripvn,123456,0,0
842,supertruongphat,123456,0,0
843,fetekvietnam,123456,0,0
844,paysoftwaresolution,123456,0,0
845,gamifystudios,123456,0,0
846,tytnhhstvg,123456,0,0
847,dataanalyticscenter,123456,0,0
848,primalperformancelab,123456,0,0
849,giaoducedutalk,123456,0,0
850,tienhungphat,123456,0,0
851,ducnativex,123456,0,0
852,alibabaenglishvietnam,123456,0,0
853,sanvietnam,123456,0,0
854,buildinginformationmodeling,123456,0,0
855,vusmienbac,123456,0,0
856,ebygenerali,123456,0,0
857,santhienkhoi,123456,0,0
858,cophanvinhomes,123456,0,0
859,bdsnhapho,123456,0,0
860,tytnhhkolan,123456,0,0
861,tranhongquan,123456,0,0
862,chungkhoanvps,123456,0,0
863,anhnguila,123456,0,0
864,sangreenhouse,123456,0,0
865,cnthanglong,123456,0,0
866,luongdongdo,123456,0,0
867,diaocvang,123456,0,0
868,diaocvang_2,123456,0,0
869,ducchipchip,123456,0,0
870,intergreatvietnam,123456,0,0
871,tnhhwowedu,123456,0,0
872,anhletoeic,123456,0,0
873,tructuyenmegabook,123456,0,0
874,vanideallife,123456,0,0
875,impactusacademy,123456,0,0
876,maycaoduy,123456,0,0
877,cophansummit,123456,0,0
878,mtvmiraeasset,123456,0,0
879,ducmslanenglish,123456,0,0
880,augroupvietnam,123456,0,0
881,hsvvietnam,123456,0,0
882,yeuamnhac,123456,0,0
883,congnghepantado,123456,0,0
884,thuongmaiskyward,123456,0,0
885,phanvflinvest,123456,0,0
886,englishvietnam,123456,0,0
887,kienthucviet,123456,0,0
888,ducquocdinh,123456,0,0
889,vuhongdang,123456,0,0
890,giaoducvtce,123456,0,0
891,sentosadanang,123456,0,0
892,giaoducjaxtina,123456,0,0
893,thehinhnisarga,123456,0,0
894,maituanmai,123456,0,0
895,ocphannguyen,123456,0,0
896,tytnhhbicare,123456,0,0
897,tnhhtmdvsolutions,123456,0,0
898,ketquocte,123456,0,0
899,quoctelangmaster_2,123456,0,0
900,senvanggroup,123456,0,0
901,tnsvietnam,123456,0,0
902,daotaostarlink,123456,0,0
903,hmtvietnam,123456,0,0
904,nhanhtanbinh,123456,0,0
905,hocprincetonenglish,123456,0,0
906,giaoducedutalk_2,123456,0,0
907,nhanhphunhuan,123456,0,0
908,tnhhhomestay3m,123456,0,0
909,bigmangroup,123456,0,0
910,upeducationcoltd,123456,0,0
911,theoldschool,123456,0,0
912,tuhbrholdings,123456,0,0
913,chungkhoanfpt_2,123456,0,0
914,tuhbrholdings_2,123456,0,0
915,tnhhtmxnksello,123456,0,0
916,tructuyenoes,123456,0,0
917,lablevietnam,123456,0,0
918,aeonvietnam,123456,0,0
919,tinphuminh,123456,0,0
920,tnhhmaicogroup,123456,0,0
921,luatttpbengoshi,123456,0,0
922,empireglobalinvestments,123456,0,0
923,maiminhnam,123456,0,0
924,tnhhyakultvn,123456,0,0
925,phongthuymixi,123456,0,0
926,tnhhrmhealthcare,123456,0,0
927,gioiphunu,123456,0,0
928,dichvuttk,123456,0,0
929,chungkhoanvndirect,123456,0,0
930,cnvietnam,123456,0,0
931,phuongnamgroup,123456,0,0
932,tnhhwowedu_2,123456,0,0
933,tnhhmtvinazuma,123456,0,0
934,nhanhphunhuan_2,123456,0,0
935,vientoitu,123456,0,0
936,theheso,123456,0,0
937,quoctetrusttrans,123456,0,0
938,sanhoanggia,123456,0,0
939,datminhduc,123456,0,0
940,savorvietnam,123456,0,0
941,phohanoi,123456,0,0
942,quoctelangmaster_3,123456,0,0
943,academyhanoi,123456,0,0
944,jollibeevietnam,123456,0,0
945,phandinhanh,123456,0,0
946,thicongmay,123456,0,0
947,nhanhgiadinh,123456,0,0
948,cophanohf,123456,0,0
949,tytnhhbibabo,123456,0,0
950,etopvietnam,123456,0,0
951,giaoductts,123456,0,0
952,congngheaiking,123456,0,0
953,koseivietnam,123456,0,0
954,dautuwonderhomes,123456,0,0
955,chubbtower1,123456,0,0
956,maicogroup,123456,0,0
957,thanhviencimigo,123456,0,0
958,giangconinconjsc,123456,0,0
959,cophaneustream,123456,0,0
960,shinhanvietnam_2,123456,0,0
961,ngunamdo,123456,0,0
962,dungvietnam_2,123456,0,0
963,nghetonphong,123456,0,0
964,thienlongphat,123456,0,0
965,edutalk,123456,0,0
966,koseivietnam_2,123456,0,0
967,dichlacviet,123456,0,0
968,dautuwowcentral,123456,0,0
969,noivietphat,123456,0,0
970,congnghevietdevelopers,123456,0,0
971,phanavegroup,123456,0,0
972,atenenglishcenter,123456,0,0
973,cophanmemon,123456,0,0
974,shouse,123456,0,0
975,tnhhcmcglobal,123456,0,0
976,web89vietnam,123456,0,0
977,bdsphuquy,123456,0,0
978,babywear,123456,0,0
979,phatnhanhsnappy,123456,0,0
980,thuongmaivhomes,123456,0,0
981,linkvietnam,123456,0,0
982,tytnhhjaswill,123456,0,0
983,lifevietnam,123456,0,0
984,edupia,123456,0,0
985,hamatetsuvietnam,123456,0,0
986,thuoclonghuong,123456,0,0
987,dichvusagomart,123456,0,0
988,memtridung,123456,0,0
989,lifevietnam_2,123456,0,0
990,mtvhuuminh,123456,0,0
991,baothuydo,123456,0,0
992,thongalohamedia,123456,0,0
993,chungkhoanvps_2,123456,0,0
994,tytnhhtmz,123456,0,0
995,giaoducstemhouse,123456,0,0
996,dautusasin,123456,0,0
997,phongtanviet,123456,0,0
998,mcorpvietnam,123456,0,0
999,phanwinpiholding,123456,0,0
1000,cophaneduvator,123456,0,0
1001,toancaulead,123456,0,0
1002,tnhh4vuniverse,123456,0,0
1003,maitungmy,123456,0,0
1004,earlystartjsc,123456,0,0
1005,nghephucbinh,123456,0,0
1006,daotaonla,123456,0,0
1007,cophanhalocom,123456,0,0
1008,tnhhwellyglobal,123456,0,0
1009,phansachmcbooks,123456,0,0
1010,congnghevietbay,123456,0,0
1011,tulkbank,123456,0,0
1012,legendaryvietnam,123456,0,0
1013,thiennhienmela,123456,0,0
1014,manulifevietnam,123456,0,0
1015,hocvienivyprep,123456,0,0
1016,shinhanvietnam_3,123456,0,0
1017,elcom,123456,0,0
1018,biovegivietnam,123456,0,0
1019,daotaostarlink_2,123456,0,0
1020,sappacademy,123456,0,0
1021,drhomievietnam,123456,0,0
1022,thoitrangviet,123456,0,0
1023,qmcapital,123456,0,0
1024,bibinhminh,123456,0,0
1025,threelandtravel,123456,0,0
1026,tesununiacademy,123456,0,0
1027,duccatholicmta,123456,0,0
1028,khaugiabao,123456,0,0
1029,kimanhviet,123456,0,0
1030,aiangoquyen,123456,0,0
1031,nhanthoaia,123456,0,0
1032,3dsmartsolutions,123456,0,0
1033,teieclanguage,123456,0,0
1034,tnhhvnibtech,123456,0,0
1035,tytnhhmathexpress,123456,0,0
1036,congngheartemis,123456,0,0
1037,giaoduceseed,123456,0,0
1038,phansnackhouse,123456,0,0
1039,pearlvietnam,123456,0,0
1040,careervietnam,123456,0,0
1041,cnninhbinh,123456,0,0
1042,saigonecocraft,123456,0,0
1043,tnhhecotigers,123456,0,0
1044,tructuyennewtab,123456,0,0
1045,santaya,123456,0,0
1046,anhletoeic_2,123456,0,0
1047,ilavietnam,123456,0,0
1048,phanichgia,123456,0,0
1049,manulifevietnam_2,123456,0,0
1050,cophanpareto,123456,0,0
1051,dvgtvseo,123456,0,0
1052,quangcaonewtab,123456,0,0
1053,gearinc,123456,0,0
1054,khoithienphu,123456,0,0
1055,lifevietnam_3,123456,0,0
1056,buy2sellvietnam,123456,0,0
1057,birminghamcityuniversity,123456,0,0
1058,phanjumparena,123456,0,0
1059,tycphesman,123456,0,0
1060,daotaooro,123456,0,0
1061,viensachquy,123456,0,0
1062,infosolutionvn,123456,0,0
1063,ejoylearningjsc,123456,0,0
1064,ngocminhchau,123456,0,0
1065,truyenthongjuno,123456,0,0
1066,thejoybox,123456,0,0
1067,scotsenglishaustralia,123456,0,0
1068,hoanggialand,123456,0,0
1069,vietkimsg,123456,0,0
1070,sanhoanggia_2,123456,0,0
1071,englishnowglobal,123456,0,0
1072,goenglish,123456,0,0
1073,vietnamdiscoverytravel,123456,0,0
1074,giaoducsuekit,123456,0,0
1075,nguyenvietnam,123456,0,0
1076,tnhhfirstmarketing,123456,0,0
1077,doanbtvietnam,123456,0,0
1078,tesaigon,123456,0,0
1079,ketmarketingcbg,123456,0,0
1080,noithatf,123456,0,0
1081,hoasieuxanh,123456,0,0
1082,technologyvietnam_3,123456,0,0
1083,giaiphapvietis,123456,0,0
1084,cophanintellife,123456,0,0
1085,daotaoares,123456,0,0
1086,dichvuminde,123456,0,0
1087,khivietnam,123456,0,0
1088,taomayschool,123456,0,0
1089,congnghehb,123456,0,0
1090,tayhanoi,123456,0,0
1091,cophanaten,123456,0,0
1092,ngubinggoleaders,123456,0,0
1093,dautunew,123456,0,0
1094,cophaninecso,123456,0,0
1095,iigvietnam,123456,0,0
1096,cophanday1group,123456,0,0
1097,tructuyenhamia,123456,0,0
1098,truyenthongamai,123456,0,0
1099,nichietsu,123456,0,0
1100,dichvuwonmom,123456,0,0
1101,phantropicalgroup,123456,0,0
1102,giaoducpoly,123456,0,0
1103,intercontinentalfintechlimited,123456,0,0
1104,ngutansinh,123456,0,0
1105,tnhhgs25vietnam,123456,0,0
1106,adavietnam_2,123456,0,0
1107,diaocvang_3,123456,0,0
1108,giacatloi,123456,0,0
1109,fwdvietnam,123456,0,0
1110,nammayschool,123456,0,0
1111,schoolofenglish,123456,0,0
1112,tphanoi,123456,0,0
1113,giaoducmoonlight,123456,0,0
1114,phanlittleeinsteins,123456,0,0
1115,helicorp,123456,0,0
1116,sanankhang,123456,0,0
1117,academyvietnam_2,123456,0,0
1118,khaunamviet,123456,0,0
1119,gialinhnguyen,123456,0,0
1120,quoctelangmaster_4,123456,0,0
1121,ducvipenglish,123456,0,0
1122,phattrienaroma,123456,0,0
1123,edunasvietnam,123456,0,0
1124,iqdanang,123456,0,0
1125,duchungland,123456,0,0
1126,ductamviet,123456,0,0
1127,cophanwanna,123456,0,0
1128,daotaoori,123456,0,0
1129,halolanguagecenter,123456,0,0
1130,tytnhhecomaster,123456,0,0
1131,tnhhtamanh,123456,0,0
1132,generalivietnam,123456,0,0
1133,thienmochuong,123456,0,0
1134,dreamvieteducation,123456,0,0
1135,dichvusynova,123456,0,0
1136,teoceanedu,123456,0,0
1137,fptlongchau,123456,0,0
1138,khaunguyenduy,123456,0,0
1139,onevaluevietnam,123456,0,0
1140,tnhhkimsora,123456,0,0
1141,managementvietnam,123456,0,0
1142,congnghevietbay_2,123456,0,0
1143,cophanctnet,123456,0,0
1144,dichvuece,123456,0,0
1145,tuongkhoinguon,123456,0,0
1146,heirloomherbal,123456,0,0
1147,tnhhvickypharma,123456,0,0
1148,tnhhdolleyes,123456,0,0
1149,vietphapvfe,123456,0,0
1150,nghethacso,123456,0,0
1151,tnhhcloudeatsvn,123456,0,0
1152,nghehoplong,123456,0,0
1153,cophanvps,123456,0,0
1154,vuphucthinh,123456,0,0
1155,tnhhmtvcimigo,123456,0,0
1156,dukamedia,123456,0,0
1157,bitruyenthong,123456,0,0
1158,maioictrading,123456,0,0
1159,nhanhhaiphong,123456,0,0
1160,manulifevietnam_3,123456,0,0
1161,phuthinhinvestment,123456,0,0
1162,phamnamviet,123456,0,0
1163,quoctepasal,123456,0,0
1164,giaoducejoy,123456,0,0
1165,maihanhtam,123456,0,0
1166,hoanggiasala,123456,0,0
1167,xuanhanoi,123456,0,0
1168,chubblife,123456,0,0
1169,tubaokim,123456,0,0
1170,chubbvietnam,123456,0,0
1171,phanumihagroup,123456,0,0
1172,chenglovehair,123456,0,0
1173,namshinhanfinance,123456,0,0
1174,tructuyen24h,123456,0,0
1175,kinhdoanhcheng,123456,0,0
1176,tatacivietnam,123456,0,0
1177,apvietnam,123456,0,0
1178,tnhhsonhoa,123456,0,0
1179,ducreallearning,123456,0,0
1180,tuducgiang,123456,0,0
1181,ismartasiatechonology,123456,0,0
1182,nghiepvietnam,123456,0,0
1183,giasueteacher,123456,0,0
1184,tapdoanhodi,123456,0,0
1185,vanfourseas,123456,0,0
1186,thuongmaiwetech,123456,0,0
1187,tytnhhsol,123456,0,0
1188,dammaycloudaz,123456,0,0
1189,phantraotay,123456,0,0
1190,ducnpeducation,123456,0,0
1191,cophanupharma,123456,0,0
1192,matvietgroup,123456,0,0
1193,holdaxinternational,123456,0,0
1194,apaxenglish,123456,0,0
1195,yonaheducation,123456,0,0
1196,ducthecatalyst,123456,0,0
1197,phapthongminh,123456,0,0
1198,daiichivietnam,123456,0,0
1199,dichvudnd,123456,0,0
1200,ducvietnam,123456,0,0
1201,duocphamdigiphar,123456,0,0
1202,tytnhhdottie,123456,0,0
1203,xuatkhautot,123456,0,0
1204,gpo,123456,0,0
1205,dammaycloudaz_2,123456,0,0
1206,chungkhoanvps_3,123456,0,0
1207,ecocoloredgroup,123456,0,0
1208,tetaydo,123456,0,0
1209,hoahuongduong,123456,0,0
1210,mslanenglish,123456,0,0
1211,vangtphcm,123456,0,0
1212,360vietnam,123456,0,0
1213,sanasianholding,123456,0,0
1214,vcsvietnam_2,123456,0,0
1215,xaydungsodoland,123456,0,0
1216,cvbvietnam,123456,0,0
1217,limehanoi,123456,0,0
1218,giaoducfpt_2,123456,0,0
1219,taonhathan,123456,0,0
1220,phanvietforland,123456,0,0
1221,khoanrongviet,123456,0,0
1222,ducdiemcao,123456,0,0
1223,phattrienaroma_2,123456,0,0
1224,intercommsvietnam,123456,0,0
1225,doanthinhlong,123456,0,0
1226,tnhhausunholding,123456,0,0
1227,tmdtdhglobal,123456,0,0
1228,congngheucall,123456,0,0
1229,tptvietnam,123456,0,0
1230,vietsonghong,123456,0,0
1231,dautubizman,123456,0,0
1232,tytnhhdecornow,123456,0,0
1233,apvietnam_2,123456,0,0
1234,ykhoadrviet,123456,0,0
1235,nhanthochubblife,123456,0,0
1236,realestateinvestor,123456,0,0
1237,englishacademysea,123456,0,0
1238,mbbank,123456,0,0
1239,domushome,123456,0,0
1240,cleanhealthy,123456,0,0
1241,cophanbigfa,123456,0,0
1242,khoenamviet,123456,0,0
1243,inabox,123456,0,0
1244,maitriduc,123456,0,0
1245,phanpureglobal,123456,0,0
1246,giavietnam,123456,0,0
1247,phohanoi_2,123456,0,0
1248,nhahangcaverna,123456,0,0
1249,congnghemindx,123456,0,0
1250,giaophanmem,123456,0,0
1251,ngayvietnam,123456,0,0
1252,chubbvietnam_2,123456,0,0
1253,bhwhvietnam,123456,0,0
1254,tnhhkayrusmedia,123456,0,0
1255,tuacigroup,123456,0,0
1256,tnhh2dhouse,123456,0,0
1257,noithatapa,123456,0,0
1258,knacert,123456,0,0
1259,tytnhhschola,123456,0,0
1260,shinhanfinance_2,123456,0,0
1261,namthanhbinh,123456,0,0
1262,phamhungviet,123456,0,0
1263,dichvuimedia,123456,0,0
1264,daotaogermanlink,123456,0,0
1265,xaydungenter,123456,0,0
1266,bffmedia,123456,0,0
1267,aiavietnam,123456,0,0
1268,khauachau,123456,0,0
1269,ngoainguares,123456,0,0
1270,jkavietnam,123456,0,0
1271,cophanhatika,123456,0,0
1272,tigrensolutions,123456,0,0
1273,nangluongins,123456,0,0
1274,apollovietnam,123456,0,0
1275,phantaongo,123456,0,0
1276,ngaynhatrang,123456,0,0
1277,limeorange,123456,0,0
1278,wegrowvietnam,123456,0,0
1279,bathucgroup,123456,0,0
1280,dichvuviecoms,123456,0,0
1281,ducthetutors,123456,0,0
1282,tenamsao,123456,0,0
1283,woh247,123456,0,0
1284,tuhbrholdings_3,123456,0,0
1285,nghephuongnam,123456,0,0
1286,thaotuoitre,123456,0,0
1287,duchalloenglish,123456,0,0
1288,manulifevietnam_4,123456,0,0
1289,heramocoltd,123456,0,0
1290,dichvudivina,123456,0,0
1291,phongtpbank,123456,0,0
1292,cophan1x56,123456,0,0
1293,thienangroup,123456,0,0
1294,quoctethanhmaihsk,123456,0,0
1295,dartchocolate,123456,0,0
1296,chinhchubblife,123456,0,0
1297,suckhoecc,123456,0,0
1298,emcicompanylimited,123456,0,0
1299,sansachgreenup,123456,0,0
1300,giaitrivi,123456,0,0
1301,minhholdingsgroup,123456,0,0
1302,phantopkideducation,123456,0,0
1303,360corp,123456,0,0
1304,mainamdo,123456,0,0
1305,lanejt,123456,0,0
1306,vuchatviet,123456,0,0
1307,dongsanvha,123456,0,0
1308,hacovietnam,123456,0,0
1309,trangtrannguyen,123456,0,0
1310,tnhhdsglobalvina,123456,0,0
1311,vuhoanngan,123456,0,0
1312,thucphuongnam,123456,0,0
1313,tranvugroup,123456,0,0
1314,hanghoaamber,123456,0,0
1315,doimbbank,123456,0,0
1316,falcongamestudio,123456,0,0
1317,sangmienbac,123456,0,0
1318,khanggiabinh,123456,0,0
1319,davinciacademy,123456,0,0
1320,bithanglong,123456,0,0
1321,maiquansoi,123456,0,0
1322,triensaokhue,123456,0,0
1323,duocphamnutramed,123456,0,0
1324,giaoducgrablingo,123456,0,0
1325,phucuongsolution,123456,0,0
1326,solutionvietnam,123456,0,0
1327,onevietnam,123456,0,0
1328,congngheninja,123456,0,0
1329,dautulucis,123456,0,0
1330,thoitrangbimart,123456,0,0
1331,limitedliabilitycompany,123456,0,0
1332,midvietnam,123456,0,0
1333,ngotthuhuong,123456,0,0
1334,hoctinviet,123456,0,0
1335,terongxanh,123456,0,0
1336,kpmgvietnam,123456,0,0
1337,giaohangnhanh,123456,0,0
1338,nhanhhanoi,123456,0,0
1339,thanhtrangmobile,123456,0,0
1340,phanmed247,123456,0,0
1341,phantmdv30shine,123456,0,0
1342,phanmemgenify,123456,0,0
1343,cafehata,123456,0,0
1344,khuequocte,123456,0,0
1345,tnhhhatogroup,123456,0,0
1346,duocphamsato,123456,0,0
1347,paditechvietnam_2,123456,0,0
1348,vietmyssu,123456,0,0
1349,captainlogisticsvietnam,123456,0,0
1350,mienvietnam,123456,0,0
1351,chantinnghia,123456,0,0
1352,hangtungdining,123456,0,0
1353,luattnhhslf,123456,0,0
1354,congnghelp,123456,0,0
1355,trangsaigon,123456,0,0
1356,thuatducphat,123456,0,0
1357,truyenhinhfpt,123456,0,0
1358,cophanmaxlego,123456,0,0
1359,giaohangnhanh_2,123456,0,0
1360,phanfadoglobal,123456,0,0
1361,cophanproship,123456,0,0
1362,dichvunina_2,123456,0,0
1363,dichvuvgs,123456,0,0
1364,vietnamvstv,123456,0,0
1365,thuanhaienergy,123456,0,0
1366,myssu,123456,0,0
1367,vanbinhan,123456,0,0
1368,phancucphuong,123456,0,0
1369,gurucaphe,123456,0,0
1370,vingovietnam,123456,0,0
1371,tesabaivietnam,123456,0,0
1372,thuonghieuviet,123456,0,0
1373,tudienxanh,123456,0,0
1374,nhanluckstar,123456,0,0
1375,zujivietnam,123456,0,0
1376,congnghefphouse,123456,0,0
1377,congnghegapo,123456,0,0
1378,tnhhecxo,123456,0,0
1379,waveztechnologies,123456,0,0
1380,ketnoisato,123456,0,0
1381,tepremiertour,123456,0,0
1382,dienquangroup,123456,0,0
1383,kolavietnam,123456,0,0
1384,thienkimhome,123456,0,0
1385,dautuvlic,123456,0,0
1386,hochiminh_5,123456,0,0
1387,dautuemir,123456,0,0
1388,ketnoisato_2,123456,0,0
1389,daotaorobusta,123456,0,0
1390,terongxanh_2,123456,0,0
1391,healthee,123456,0,0
1392,songminhgroup,123456,0,0
1393,ketnoisato_3,123456,0,0
1394,maithuytrang,123456,0,0
1395,triengoldensmile,123456,0,0
1396,phanmeminet,123456,0,0
1397,myuts,123456,0,0
1398,tiepvanintercargo,123456,0,0
1399,nhaannhome,123456,0,0
1400,giaoducantoree,123456,0,0
1401,hoangvuquan,123456,0,0
1402,trimsolutionsgroup,123456,0,0
1403,phanvietnambooking,123456,0,0
1404,msigvietnam,123456,0,0
1405,tyntqsolution,123456,0,0
1406,congnghesnetel,123456,0,0
1407,congnghecozrum,123456,0,0
1408,dinhgiasunvalue,123456,0,0
1409,chungkhoandsc,123456,0,0
1410,quandoimbbank,123456,0,0
1411,tmdvdtr,123456,0,0
1412,healthymind,123456,0,0
1413,ssoftvietnam,123456,0,0
1414,xuatsenco,123456,0,0
1415,3stoancau,123456,0,0
1416,smartdev,123456,0,0
1417,dailocphat,123456,0,0
1418,samconsvietnam,123456,0,0
1419,cophannavee,123456,0,0
1420,quocbtecfpt,123456,0,0
1421,ezinvietnam,123456,0,0
1422,sxhungphat,123456,0,0
1423,onevaluevietnam_2,123456,0,0
1424,mbbank_2,123456,0,0
1425,techanvan,123456,0,0
1426,panamericantravel,123456,0,0
1427,senyka,123456,0,0
1428,tubitgroup,123456,0,0
1429,santriviet,123456,0,0
1430,tnhhesoftvietnam,123456,0,0
1431,hangflexspeed,123456,0,0
1432,congnghemelisoft,123456,0,0
1433,gvntheogio,123456,0,0
1434,tnhhbluesea,123456,0,0
1435,phanhbpharma,123456,0,0
1436,congnghetothost,123456,0,0
1437,vietnamtre,123456,0,0
1438,namlabcenter,123456,0,0
1439,careplusinternationalclinic,123456,0,0
1440,vietnammiichisoft,123456,0,0
1441,haimuoibon,123456,0,0
1442,tuevietnam,123456,0,0
1443,cophannovamed,123456,0,0
1444,vantfdgroup,123456,0,0
1445,hanoi_2,123456,0,0
1446,thuongmaisasin,123456,0,0
1447,onlaivietnam,123456,0,0
1448,quoctetaki_2,123456,0,0
1449,maiindochinaholdings,123456,0,0
1450,hbrholdings,123456,0,0
1451,interkjsc,123456,0,0
1452,quocteiecs,123456,0,0
1453,phanfiveaco,123456,0,0
1454,chresourcevietnam,123456,0,0
1455,twitterbeanscoffee,123456,0,0
1456,phanedgeup,123456,0,0
1457,tmcpquandoi,123456,0,0
1458,phanmemfacenet,123456,0,0
1459,tructuyenconex,123456,0,0
1460,bieasternvision,123456,0,0
1461,equovietnam,123456,0,0
1462,chubblifevietnam,123456,0,0
1463,academyvietnam_3,123456,0,0
1464,giaoduckiddihub,123456,0,0
1465,teduongminh,123456,0,0
1466,tnhhninsinglogistics,123456,0,0
1467,tytnhhlasun,123456,0,0
1468,vietnamloship,123456,0,0
1469,tructuyenconex_2,123456,0,0
1470,lybdsvinhomes,123456,0,0
1471,tevietnam,123456,0,0
1472,doanhlocphuc,123456,0,0
1473,jointstockcompany,123456,0,0
1474,tmhoangtam,123456,0,0
1475,linhanhsaigon,123456,0,0
1476,quandoimbbank_2,123456,0,0
1477,phan25fit,123456,0,0
1478,vadautu,123456,0,0
1479,ninjavan,123456,0,0
1480,tytnhhpacama,123456,0,0
1481,cophaneotygroup,123456,0,0
1482,nghiepvietnam_2,123456,0,0
1483,tnhhtimcorp,123456,0,0
1484,tajvietnam,123456,0,0
1485,tnhhonerepublic,123456,0,0
1486,kiemtoanrubik,123456,0,0
1487,archetypevietnam,123456,0,0
1488,newworldland,123456,0,0
1489,lieuacong,123456,0,0
1490,minhbachkhoa,123456,0,0
1491,iclsvietnam,123456,0,0
1492,tapdoanecopark,123456,0,0
1493,ducamericanstudy,123456,0,0
1494,tnhhtruefruits,123456,0,0
1495,vu3npharma,123456,0,0
1496,congngheproxglobal,123456,0,0
1497,lichthienminh,123456,0,0
1498,asiakingtravel,123456,0,0
1499,chungkhoanvps_4,123456,0,0
1500,magenwebvietnam,123456,0,0
1501,cophanvinasimex_2,123456,0,0
1502,mailamhong,123456,0,0
1503,giaoducakira,123456,0,0
1504,digitalltdco,123456,0,0
1505,vietnamcoltd_4,123456,0,0
1506,doandaiviet,123456,0,0
1507,phanmactich,123456,0,0
1508,quocteathena,123456,0,0
1509,giaoducwise,123456,0,0
1510,donghanoi,123456,0,0
1511,sukienthd,123456,0,0
1512,thuatvantin,123456,0,0
1513,mpsvietnam,123456,0,0
1514,vshrproacademy,123456,0,0
1515,tnhhlamservices,123456,0,0
1516,phattrienbigsealand,123456,0,0
1517,quocteisocert,123456,0,0
1518,infomedvietnam,123456,0,0
1519,congnghea2z,123456,0,0
1520,htbeauty,123456,0,0
1521,vusodss,123456,0,0
1522,thuonghieuviet_2,123456,0,0
1523,tonghop24h,123456,0,0
1524,nghenamlong,123456,0,0
1525,naturexvietnam,123456,0,0
1526,binhhungthinh,123456,0,0
1527,hoanghiepphu,123456,0,0
1528,tnhhalchemyasia,123456,0,0
1529,tamnhinxanh,123456,0,0
1530,nhavanxuan,123456,0,0
1531,servicecoltd,123456,0,0
1532,hoscovietnam,123456,0,0
1533,congngheamaz,123456,0,0
1534,andyogacenter,123456,0,0
1535,housetoong,123456,0,0
1536,daiichilife,123456,0,0
1537,triencuongphat,123456,0,0
1538,tmcpquandoi_2,123456,0,0
1539,giayxuatkhau,123456,0,0
1540,quoctefingroup,123456,0,0
1541,chungkhoanvndirect_2,123456,0,0
1542,tnhhphananh,123456,0,0
1543,dragoon,123456,0,0
1544,tnhhmtvalifaco,123456,0,0
1545,thongbonmultimedia,123456,0,0
1546,nghedatahub,123456,0,0
1547,phancrystalholidays,123456,0,0
1548,vnproquocte,123456,0,0
1549,dichvucombo,123456,0,0
1550,minhjtexpress,123456,0,0
1551,hanghaiseahorse,123456,0,0
1552,cophannhanhvn,123456,0,0
1553,ezvietnam,123456,0,0
1554,btaskee,123456,0,0
1555,noithaticon,123456,0,0
1556,tphcmhdbank,123456,0,0
1557,tytnhhmaazi,123456,0,0
1558,landvanphu,123456,0,0
1559,tytnhhmanulife,123456,0,0
1560,phapthongminh_2,123456,0,0
1561,cophanigap,123456,0,0
1562,reziena,123456,0,0
1563,congnghevilica,123456,0,0
1564,phanhappymarketing,123456,0,0
1565,quoctetdp,123456,0,0
1566,phanphoi3w,123456,0,0
1567,memhoancau,123456,0,0
1568,solutionsvietnam_3,123456,0,0
1569,yonetwork,123456,0,0
1570,tnhhphoenixholdings,123456,0,0
1571,thuoclabatvinataba,123456,0,0
1572,tuvananpha,123456,0,0
1573,hotay,123456,0,0
1574,giaitriwez,123456,0,0
1575,nhanhbinhduong,123456,0,0
1576,getflyvietnam,123456,0,0
1577,trituetre,123456,0,0
1578,quoctevsii,123456,0,0
1579,cenbinhduong,123456,0,0
1580,exotravelvietnam,123456,0,0
1581,cophangcw,123456,0,0
1582,icchanoi,123456,0,0
1583,chungkhoanvps_5,123456,0,0
1584,trueplatform,123456,0,0
1585,lybanhang,123456,0,0
1586,cophancmetric,123456,0,0
1587,sharitekvietnam,123456,0,0
1588,congngheommani,123456,0,0
1589,tmcpanbinh,123456,0,0
1590,sunhousegroupjsc,123456,0,0
1591,khongtreviet,123456,0,0
1592,nghebluebelt,123456,0,0
1593,dientuvne,123456,0,0
1594,doanhnghiepnetbase,123456,0,0
1595,nhanhso3010,123456,0,0
1596,nhuanpnj,123456,0,0
1597,bainetco,123456,0,0
1598,tytnhhcodelight,123456,0,0
1599,codegymvietnam,123456,0,0
1600,consultingvietnam,123456,0,0
1601,dldatviet,123456,0,0
1602,nhanhthanglong,123456,0,0
1603,haivietnam,123456,0,0
1604,cophancleverads,123456,0,0
1605,phamhatay,123456,0,0
1606,hoscovietnam_2,123456,0,0
1607,cophanbelie,123456,0,0
1608,logisticsvietnam_2,123456,0,0
1609,financevietnam,123456,0,0
1610,giaitrinkt,123456,0,0
1611,dichvunina_3,123456,0,0
1612,phatkiengia,123456,0,0
1613,sanganhtai,123456,0,0
1614,chungkhoanvps_6,123456,0,0
1615,nguoibanvang,123456,0,0
1616,dichvunina_4,123456,0,0
1617,tytnhhehouse,123456,0,0
1618,doanminhanh,123456,0,0
1619,biomedicalvietnam,123456,0,0
1620,trangtonghop,123456,0,0
1621,dulichveranda,123456,0,0
1622,xuhuongso,123456,0,0
1623,tytnhhelsa,123456,0,0
1624,cophankosmen,123456,0,0
1625,vnpgroup,123456,0,0
1626,chungkhoandsc_2,123456,0,0
1627,tamhopinvestment,123456,0,0
1628,handscorporationvn,123456,0,0
1629,truongsongroup,123456,0,0
1630,tapdoansailfish,123456,0,0
1631,socotecvietnam,123456,0,0
1632,corpvietnam,123456,0,0
1633,nhanhhanoi_2,123456,0,0
1634,communicationjsc,123456,0,0
1635,tyunclebills,123456,0,0
1636,tnhhvanluat,123456,0,0
1637,dienthientan,123456,0,0
1638,stonelifevietnam,123456,0,0
1639,enternetvietnam,123456,0,0
1640,cnphunhuan,123456,0,0
1641,unicloudunicloudgroup,123456,0,0
1642,dulichzoom,123456,0,0
1643,cloudrenderfarm,123456,0,0
1644,apecglobal,123456,0,0
1645,celebgroup,123456,0,0
1646,doanceok35,123456,0,0
1647,cophannhanhvn_2,123456,0,0
1648,maymockata,123456,0,0
1649,vietnamvntravel,123456,0,0
1650,thethaohali,123456,0,0
1651,terongxanh_3,123456,0,0
1652,tytnhhwegott,123456,0,0
1653,academicsvietnam,123456,0,0
1654,lottemart,123456,0,0
1655,creativevietnam,123456,0,0
1656,tapdoanmutosi,123456,0,0
1657,longphanpmt,123456,0,0
1658,congnghepunnel,123456,0,0
1659,tnhhwcabnetwork,123456,0,0
1660,tytnhhdatacare,123456,0,0
1661,unikgovietnam,123456,0,0
1662,mainhonmy,123456,0,0
1663,lichcrystalbay,123456,0,0
1664,lisodvietnam,123456,0,0
1665,namthanglong,123456,0,0
1666,phanmemtwendee,123456,0,0
1667,quantrihrd,123456,0,0
1668,cophanvnworldwide,123456,0,0
1669,loksmedia,123456,0,0
1670,nhatngushin,123456,0,0
1671,vubfogroup,123456,0,0
1672,tnhhthaimau,123456,0,0
1673,aeonvietnam_2,123456,0,0
1674,acb,123456,0,0
1675,chubblifevietnam_2,123456,0,0
1676,duocgiatruyen,123456,0,0
1677,tytnhhvbp,123456,0,0
1678,sonkimverajockey,123456,0,0
1679,taochatluong,123456,0,0
