id,username,password,is_banned
1,phamhoangan,123456,0
2,nguyenthiminhanh,123456,0
3,nguyenduyanh,123456,0
4,nguyenhoanggiabao,123456,0
5,lebaochau,123456,0
6,nguyendinhchieu,123456,0
7,giangthanhdanh,123456,0
8,letrungkien,123456,0
9,trantheloc,123456,0
10,phamthainghi,123456,0
11,nguyentrungnghia,123456,0
12,nguyenminhnhut,123456,0
13,phamthequyen,123456,0
14,tranthanhtan,123456,0
15,hongchanthanh,123456,0
16,nguyendangthequang,123456,0
17,huynhhamaitrinh,123456,0
18,trannamtrung,123456,0
19,trandinhtu,123456,0
20,leethuatuan,123456,0
21,dinhlequocviet,123456,0
22,nguyenmachthanhvy,123456,0
23,truonghuuduc,123456,0
24,phamvietan,123456,0
25,luunghiepchinh,123456,0
26,leduongcongduc,123456,0
27,hoangdinhhieu,123456,0
28,chungnguyenhuyhoang,123456,0
29,nguyenbanhatkhanh,123456,0
30,chuduckhanh,123456,0
31,taminhkhoi,123456,0
32,trinhtuankiet,123456,0
33,phamvannam,123456,0
34,nguyenminhthiennhat,123456,0
35,nguyenminhquang,123456,0
36,nguyenvohongthang,123456,0
37,luuductuan,123456,0
38,thaimyhuong,123456,0
39,dothaibao,123456,0
40,leduychuong,123456,0
41,trannhatduy,123456,0
42,mailebaolinh,123456,0
43,nguyenthanhluan,123456,0
44,hanhatminh,123456,0
45,nguyenvuquangminh,123456,0
46,lehoangnam,123456,0
47,tranthanhthao,123456,0
48,doanminhtu,123456,0
49,nguyenquocviet,123456,0
50,nguyenbuilevinh,123456,0
51,nguyentruonghoangphuc,123456,0
52,trannguyensonthanh,123456,0
53,trantanphat,123456,0
54,buiquochuy,123456,0
55,diepgiahan,123456,0
56,nguyentanphat,123456,0
57,nguyenhoanganh,123456,0
58,onggiabao,123456,0
59,nguyenvancong,123456,0
60,nguyenvuhonghai,123456,0
61,truongphuochung,123456,0
62,leduchuy,123456,0
63,trantrungkien,123456,0
64,huynhphatloc,123456,0
65,nguyendinhanhtuan,123456,0
66,phanhoangnam,123456,0
67,nguyenthienan,123456,0
68,tranquochao,123456,0
69,phanvotrongphong,123456,0
70,phamminhquan,123456,0
71,duonggiathinh,123456,0
72,huynhphamhieutrung,123456,0
73,huynhquocvan,123456,0
74,nguyenngoctrinhhung,123456,0
75,nguyenbinhan,123456,0
76,nguyenletungbach,123456,0
77,vutuongbach,123456,0
78,huynhthanhbinh,123456,0
79,maithanhbinh,123456,0
80,tranminhcanh,123456,0
81,ngoanhcanh,123456,0
82,phamvanchuan,123456,0
83,vuminhdang,123456,0
84,phamvietminhdao,123456,0
85,nguyenanhdat,123456,0
86,nguyenminhduc,123456,0
87,trancongtandung,123456,0
88,phantrantheduy,123456,0
89,vuhai,123456,0
90,nguyenduchai,123456,0
91,nguyenthanhhai,123456,0
92,tangsihao,123456,0
93,nguyenanhhuy,123456,0
94,tranminhkha,123456,0
95,damquangkhai,123456,0
96,huynhminhdangkhoa,123456,0
97,trandangkhoa,123456,0
98,ngoquoclam,123456,0
99,lygialap,123456,0
100,nguyenthanhlong,123456,0
101,phamvietluc,123456,0
102,tohongdaiminh,123456,0
103,phantranxuannam,123456,0
104,tothanhnghia,123456,0
105,phamhuunghia,123456,0
106,nguyenhuunghia,123456,0
107,tranhanhngoc,123456,0
108,vothithanhngoc,123456,0
109,tranminhnhut,123456,0
110,truongvyphat,123456,0
111,tranhaiphong,123456,0
112,phamanhphu,123456,0
113,nghiemducphu,123456,0
114,trantrongphuc,123456,0
115,trinhdaiphuc,123456,0
116,phannhatquang,123456,0
117,trankienquoc,123456,0
118,nguyenxuansang,123456,0
119,phambason,123456,0
120,dangductai,123456,0
121,phamminhthe,123456,0
122,nguyenngocthien,123456,0
123,truongminhthien,123456,0
124,huynhquocthinh,123456,0
125,hoangxuanthinh,123456,0
126,nguyentrithong,123456,0
127,doannguyensongthuong,123456,0
128,domanhtien,123456,0
129,nguyenmanhtien,123456,0
130,nguyenhuynhbaotin,123456,0
131,buihuytoan,123456,0
132,dinhtrantoan,123456,0
133,lamvantoi,123456,0
134,nguyenminhtri,123456,0
135,nguyenvantrong,123456,0
136,nguyenkhanhtruong,123456,0
137,vominhtu,123456,0
138,nguyenvantu,123456,0
139,nguyenvantuan,123456,0
140,dangsontung,123456,0
141,nguyenthanhtuong,123456,0
142,ngotanviet,123456,0
143,luutrongvinh,123456,0
144,hsiaotiukieuvy,123456,0
145,nguyentrongan,123456,0
146,phamhuusang,123456,0
147,trinhhoanglam,123456,0
148,vuhoanganhquan,123456,0
149,nguyenanhtrung,123456,0
150,nguyenbatuan,123456,0
151,tranthaivinh,123456,0
152,laphinhung,123456,0
153,phamquocbao,123456,0
154,lephudat,123456,0
155,luonghoangtruonggiang,123456,0
156,nguyenvanngoc,123456,0
157,nguyentrongnhan,123456,0
158,letanphong,123456,0
159,nguyenphuctam,123456,0
160,vochautan,123456,0
161,hoangvanthuc,123456,0
162,luongngocthuyen,123456,0
163,trinhxuantien,123456,0
164,nguyenanhtu,123456,0
165,nguyentansang,123456,0
166,trandoanhduy,123456,0
167,vuthanhtrung,123456,0
168,trandung,123456,0
169,tranquanghung,123456,0
170,nguyenhientuanduy,123456,0
171,ledoanthaiduong,123456,0
172,trannguyenhien,123456,0
173,daohieu,123456,0
174,donhathuy,123456,0
175,nguyenhoangminh,123456,0
176,nguyenchannam,123456,0
177,nguyenhohuunghia,123456,0
178,nguyenlenguyen,123456,0
179,letandangtam,123456,0
180,votrungthanh,123456,0
181,trantrieuthanh,123456,0
182,nguyenducthang,123456,0
183,tuducthinh,123456,0
184,nguyenanhthu,123456,0
185,nguyenngocphuongtrang,123456,0
186,thaihoangtuan,123456,0
187,huynhthanhvy,123456,0
188,lephamngocyen,123456,0
189,trinhhuuduc,123456,0
190,nguyenngocminhhuy,123456,0
191,dinhnguyenhoangkim,123456,0
192,nguyendiepxuanquang,123456,0
193,tranthianhthu,123456,0
194,nguyenquangthuc,123456,0
195,vokien,123456,0
196,nguyennguyenhoangthi,123456,0
197,tranhuuthienluong,123456,0
198,nguyentruongvinhthuyen,123456,0
199,vohoangngan,123456,0
200,ngolephuongtrinh,123456,0
201,doanthanhhien,123456,0
202,dinhlamkieuphuong,123456,0
203,habinhan,123456,0
204,khuukienan,123456,0
205,dangletuananh,123456,0
206,dinhhogiabao,123456,0
207,lethanhbinh,123456,0
208,nguyenquocbinh,123456,0
209,nguyenthanhbinh,123456,0
210,longvuquynhchau,123456,0
211,leanhbachchien,123456,0
212,huynhtandat,123456,0
213,lehoangdat,123456,0
214,trantrungduc,123456,0
215,hocongduy,123456,0
216,ledinhanhduy,123456,0
217,lequocanhduy,123456,0
218,phambaoduy,123456,0
219,nguyenhoanggia,123456,0
220,nguyentruonggiang,123456,0
221,nguyenminhhieu,123456,0
222,phamnguyenhuyhoang,123456,0
223,nguyendinhhuan,123456,0
224,trangiahuan,123456,0
225,doannhathuy,123456,0
226,lequochuy,123456,0
227,nguyenphuckhang,123456,0
228,doanngocanhkhoa,123456,0
229,nguyendangkhoa,123456,0
230,nguyenvoducloc,123456,0
231,truongtucluan,123456,0
232,nguyenphucminh,123456,0
233,vuhoangminh,123456,0
234,huynhhieunghia,123456,0
235,vudangnghia,123456,0
236,nguyenmacbaongoc,123456,0
237,huynhcongnguyen,123456,0
238,dotrinhan,123456,0
239,huynhminhquocnhat,123456,0
240,nguyenminhnhat,123456,0
241,huynhhaininh,123456,0
242,lykienphi,123456,0
243,nguyenngocphong,123456,0
244,tranbaophuc,123456,0
245,nguyenthikimphuong,123456,0
246,nguyenminhquan,123456,0
247,dinhvuquynh,123456,0
248,nguyenhaison,123456,0
249,ngohoangbaothach,123456,0
250,nguyenductoanthang,123456,0
251,thaithuanthanh,123456,0
252,nguyenngocthien_2,123456,0
253,dovuongquocthinh,123456,0
254,nguyenvanquangtien,123456,0
255,hominhtri,123456,0
256,tranconghoangtrong,123456,0
257,nguyenthithanhtruc,123456,0
258,goichitrung,123456,0
259,buiduongtuan,123456,0
260,nguyenhoangthanhtuan,123456,0
261,phamminhtuan,123456,0
262,nguyenthanhtung,123456,0
263,nguyentrongtung,123456,0
264,doanlecatuyen,123456,0
265,luongthevan,123456,0
266,phandangkhoa,123456,0
267,truongcongcuong,123456,0
268,nguyenhoangtan,123456,0
269,luuphammanhha,123456,0
270,vongkhaimy,123456,0
271,truongtranquocan,123456,0
272,nguyenthimyanh,123456,0
273,dinhnguyenquocbao,123456,0
274,dinhvuongbao,123456,0
275,nguyengiabinh,123456,0
276,lungocchicuong,123456,0
277,nguyenminhcuong,123456,0
278,phanletoandinh,123456,0
279,dauphucduc,123456,0
280,nguyenngochan,123456,0
281,nguyenthiquynhhoa,123456,0
282,honhathuy,123456,0
283,letonhuy,123456,0
284,vunguyenphuonghuy,123456,0
285,duongvietkhai,123456,0
286,phanthanhkhiet,123456,0
287,nguyenanhkhoa,123456,0
288,nguyenanhkhoi,123456,0
289,phamxuanlam,123456,0
290,tranhuynhliem,123456,0
291,nguyenhoanglong,123456,0
292,chuquocminh,123456,0
293,trieuquangminh,123456,0
294,vobinhminh,123456,0
295,lydainam,123456,0
296,tranhuynam,123456,0
297,nguyentrongnghia,123456,0
298,nguyenminhnguyet,123456,0
299,maitrongnhan,123456,0
300,nguyenhuunhat,123456,0
301,lemyphuong,123456,0
302,tranthanhtan_2,123456,0
303,truongnguyenhoangtan,123456,0
304,luongtrongtin,123456,0
305,lumanhtoan,123456,0
306,nguyenthithuytrang,123456,0
307,tranvotantrat,123456,0
308,tranminhtri,123456,0
309,truongthanhtruc,123456,0
310,danghuuphuocvinh,123456,0
311,lediephoangyen,123456,0
312,huynhminhchi,123456,0
313,nguyenphamquangdinh,123456,0
314,buiminhkhoa,123456,0
315,dokhaclinh,123456,0
316,phamhuynhnhat,123456,0
317,nguyenphithang,123456,0
318,nguyendinhthang,123456,0
319,caotrongtin,123456,0
320,nguyenhoangngoctran,123456,0
321,nguyenhuutuan,123456,0
322,nguyenduongtri,123456,0
323,dinhnguyenhanhdung,123456,0
324,dangvietkhoinguyen,123456,0
325,tathienphuc,123456,0
326,tranquoctruongan,123456,0
327,truongquocan,123456,0
328,voquocan,123456,0
329,ledanghoangan,123456,0
330,nguyentrantuananh,123456,0
331,trannguyenquynhanh,123456,0
332,ngochibinh,123456,0
333,nguyentatbinh,123456,0
334,trinhthaibinh,123456,0
335,nguyenduycuong,123456,0
336,nguyenlecuong,123456,0
337,thaichicuong,123456,0
338,nguyenphucdang,123456,0
339,nguyentrongdat,123456,0
340,phantuongthiendoan,123456,0
341,truongdangdong,123456,0
342,phamviendu,123456,0
343,phanvietduc,123456,0
344,doanledung,123456,0
345,dinhletrieuduong,123456,0
346,luanhduy,123456,0
347,nguyendangduy,123456,0
348,nguyenquocduy,123456,0
349,phamkhanhduy,123456,0
350,nguyentronghai,123456,0
351,tranvinhhien,123456,0
352,hotrunghieu,123456,0
353,phamminhhieu,123456,0
354,phantronghieu,123456,0
355,lukhanhhoang,123456,0
356,nguyenhuyhoang,123456,0
357,nguyenvanhuyhoang,123456,0
358,phuvinhhung,123456,0
359,votranchihung,123456,0
360,caohoanghuy,123456,0
361,nguyendangquanghuy,123456,0
362,phanvominhhuy,123456,0
363,leminhkhang,123456,0
364,caoduykhiem,123456,0
365,chubachkhoa,123456,0
366,nguyennhatkhoa,123456,0
367,vominhkhoi,123456,0
368,nguyentrungkien,123456,0
369,nguyentuanlong,123456,0
370,hoanghungmanh,123456,0
371,huaanhminh,123456,0
372,huongdatminh,123456,0
373,truongnhatminh,123456,0
374,truongthuannam,123456,0
375,nguyenkimngan,123456,0
376,huynhdoanminhngoc,123456,0
377,buikhanhnguyen,123456,0
378,buiminhnguyen,123456,0
379,nguyenkhoinguyen,123456,0
380,nguyenvonhan,123456,0
381,tranlehongnhi,123456,0
382,ngovanphat,123456,0
383,nguyenhungphat,123456,0
384,voquangphu,123456,0
385,nguyencongphuc,123456,0
386,tonglethienphuc,123456,0
387,nguyentuanphung,123456,0
388,nguyenleminhphuoc,123456,0
389,nguyenlynhatphuong,123456,0
390,levanpon,123456,0
391,voduyquan,123456,0
392,hoangminhquan,123456,0
393,hobuivanquang,123456,0
394,vuphungquang,123456,0
395,tangnhanqui,123456,0
396,phungthanhsang,123456,0
397,lenguyenminhtam,123456,0
398,luongminhtam,123456,0
399,nguyenduytan,123456,0
400,lehongthai,123456,0
401,buiquangthang,123456,0
402,ngovietthang,123456,0
403,tranthuanthanh,123456,0
404,letanthinh,123456,0
405,voxuanthinh,123456,0
406,nguyenducthong,123456,0
407,nguyenduythuc,123456,0
408,phungtranminhthuong,123456,0
409,nguyenhuutien,123456,0
410,nguyenthihoangtrang,123456,0
411,nguyentrongtriet,123456,0
412,nhanminhtriet,123456,0
413,ngothanhtruc,123456,0
414,dangductrung,123456,0
415,nguyenthanhtruong,123456,0
416,volamtruong,123456,0
417,phamthanhtu,123456,0
418,lehuuminhtuan,123456,0
419,phamhoanganhtuan,123456,0
420,nguyennhattuong,123456,0
421,nguyenquocngoctuong,123456,0
422,nguyenngocbichuyen,123456,0
423,caodinhvi,123456,0
424,lequocviet,123456,0
425,nguyenhoangviet,123456,0
426,doantrieuvinh,123456,0
427,nguyenvuongdatvu,123456,0
428,vokhanhvy,123456,0
429,maibaotran,123456,0
430,nguyenngocdangkhanh,123456,0
431,lythanhlong,123456,0
432,tranvinhphuc,123456,0
433,leminhquan,123456,0
434,nguyenngocduchuy,123456,0
435,truongtranhaiyen,123456,0
436,nguyenhuynhtin,123456,0
437,caominhduc,123456,0
438,nguyentienanh,123456,0
439,letonthanhdat,123456,0
440,luuquocdoan,123456,0
441,phamlethuydung,123456,0
442,vutranduy,123456,0
443,phamquochuy,123456,0
444,phamkhaluan,123456,0
445,dangkhanhmai,123456,0
446,huynhdainhan,123456,0
447,lehoangnhan,123456,0
448,maihoangnhi,123456,0
449,tangloiphat,123456,0
450,lahoangphong,123456,0
451,levietthanh,123456,0
452,tranhoangthanh,123456,0
453,nguyenmanhthien,123456,0
454,truongnhuquocthinh,123456,0
455,phanleminhtriet,123456,0
456,tranminhtriet,123456,0
457,nguyenthibichvan,123456,0
458,nguyenminhchau,123456,0
459,nguyenthanhdat,123456,0
460,nguyenngocanhkhoa,123456,0
461,hoangnguyenkhoi,123456,0
462,nguyenleminh,123456,0
463,nguyenthanhnhan,123456,0
464,hoangxuannhat,123456,0
465,caothesan,123456,0
466,phamhoaiphuthinh,123456,0
467,nguyenthevinh,123456,0
468,nguyenero,123456,0
469,truongconganh,123456,0
470,nguyentranquangduy,123456,0
471,huynhminhhieu,123456,0
472,nguyenphannhathoang,123456,0
473,nguyencongnam,123456,0
474,buiminhductai,123456,0
475,vothibethi,123456,0
476,vuthevinh,123456,0
477,vanduyan,123456,0
478,vuphuonganh,123456,0
479,dophanbac,123456,0
480,buixuanbao,123456,0
481,nguyengiabao,123456,0
482,phanhonguyenbao,123456,0
483,tranthanhbinh,123456,0
484,tranhoaichau,123456,0
485,truonghoangchuong,123456,0
486,dangthanhdat,123456,0
487,dinhcongdat,123456,0
488,lecaotiendat,123456,0
489,nguyentranhiendat,123456,0
490,huynhbaodi,123456,0
491,phamtranhiendung,123456,0
492,hanganhhung,123456,0
493,trannguyenquochung,123456,0
494,trinhthaihung,123456,0
495,phamgiahuy,123456,0
496,huynhmackhai,123456,0
497,honguyenkhang,123456,0
498,nguyenhuukhang,123456,0
499,letuankhanh,123456,0
500,nguyenlethanhkhiet,123456,0
501,ngominhkhoi,123456,0
502,nguyenminhkhue,123456,0
503,nguyentranminhkhue,123456,0
504,trananhkiet,123456,0
505,luuhoanglong,123456,0
506,nguyenbaohailong,123456,0
507,phamhoanglong,123456,0
508,nguyenhoangbaominh,123456,0
509,nguyenhongngoc,123456,0
510,dokhacminhnhat,123456,0
511,lyngocnhi,123456,0
512,dominhnhut,123456,0
513,nguyenthaoninh,123456,0
514,huynhtanphat,123456,0
515,luongminhphuc,123456,0
516,nguyenthanhphung,123456,0
517,truongthuyquyen,123456,0
518,caongocson,123456,0
519,ngoducthinh,123456,0
520,trananhtuan,123456,0
521,trancaotung,123456,0
522,phanphamthanhtuyen,123456,0
523,buixuanvinh,123456,0
524,votranquocvu,123456,0
525,doandacnguyen,123456,0
526,hothiphuonganh,123456,0
527,nguyenkyanh,123456,0
528,phambangdang,123456,0
529,doleduan,123456,0
530,nguyentruonghai,123456,0
531,nguyentrunghau,123456,0
532,hoangminhhuy,123456,0
533,lamduchuy,123456,0
534,nguyengiahuy,123456,0
535,nguyentienkhoa,123456,0
536,lehoangminh,123456,0
537,vominhnhan,123456,0
538,tranthienphuc,123456,0
539,huynhnhattan,123456,0
540,haducminhthao,123456,0
541,lengocminh,123456,0
542,dangphuongnam,123456,0
543,nguyendaogianinh,123456,0
544,nguyenthikimtrang,123456,0
545,lehuynhminhtri,123456,0
546,nguyenminhthu,123456,0
547,nguyenthanhtrang,123456,0
548,thaihoangnhan,123456,0
549,phamvoducphong,123456,0
550,lebaquoc,123456,0
551,tranquoctien,123456,0
552,nguyenhuukhanhtuong,123456,0
553,trankhanhgiauy,123456,0
554,huynhngocan,123456,0
555,hoangminhduc,123456,0
556,luonglongha,123456,0
557,nguyenthingochan,123456,0
558,phantrunghieu,123456,0
559,tranthingochuyen,123456,0
560,phamnguyennhatkhan,123456,0
561,nguyentrongkhang,123456,0
562,tranbaokhanh,123456,0
563,dominhkhoa,123456,0
564,dangdiemlinh,123456,0
565,nguyennhatminh,123456,0
566,nguyenlehoangnam,123456,0
567,nguyenchontrongnhan,123456,0
568,nguyenducphu,123456,0
569,nguyensang,123456,0
570,truonglehuynhthang,123456,0
571,donguyenminhthanh,123456,0
572,lethianhthi,123456,0
573,doannamthuan,123456,0
574,dinhviettrung,123456,0
575,phanbinhduyuyen,123456,0
576,dinhthanhviet,123456,0
577,duongquangvinh,123456,0
578,truongchivy,123456,0
579,nguyenthixuan,123456,0
580,phamkyanh,123456,0
581,tranhaidang,123456,0
582,nguyenvuthuhien,123456,0
583,tranthuhien,123456,0
584,honguyenhuyhoang,123456,0
585,kieusonhoang,123456,0
586,lemanhhoang,123456,0
587,dangminhhoanglong,123456,0
588,huynhnhatnam,123456,0
589,nguyenthanhminhnguyet,123456,0
590,nguyenhoangnhan,123456,0
591,leuyennhi,123456,0
592,tranthiquynhnhu,123456,0
593,lyvinhsang,123456,0
594,phamngocthuytrang,123456,0
595,tranminhduc,123456,0
596,phanngocthienan,123456,0
597,lamngocphuonganh,123456,0
598,lequanganh,123456,0
599,lephuongdao,123456,0
600,nguyengiahung,123456,0
601,lungoclien,123456,0
602,lehoanglong,123456,0
603,nguyenthanhphong,123456,0
604,ngothithanhthao,123456,0
605,lenguyenthinh,123456,0
606,hoangnguyentruc,123456,0
607,phamxuantu,123456,0
608,nguyentienan,123456,0
609,nguyentrinhan,123456,0
610,nguyentrungan,123456,0
611,vuhoangan,123456,0
612,nguyenhoangan,123456,0
613,lecaotuananh,123456,0
614,phamducanh,123456,0
615,phamthihonganh,123456,0
616,tranminhanh,123456,0
617,buinguyenminhchau,123456,0
618,vominhchau,123456,0
619,trandaichi,123456,0
620,huynhlamhoangdai,123456,0
621,phanquangdai,123456,0
622,letiendat,123456,0
623,phantandat,123456,0
624,dohuuduc,123456,0
625,kieuvuminhduc,123456,0
626,dangthikimdung,123456,0
627,dangquangdung,123456,0
628,dinhhoangduong,123456,0
629,lenguyenthuyduong,123456,0
630,lethithuyduong,123456,0
631,duongtranmanduy,123456,0
632,lecaoduy,123456,0
633,lekhuongduy,123456,0
634,nguyenanhduy,123456,0
635,nguyenchiduy,123456,0
636,phamvuduy,123456,0
637,phanhoangduy,123456,0
638,trinhquangha,123456,0
639,nguyenminhhai,123456,0
640,nguyentanhao,123456,0
641,hathehien,123456,0
642,lethanhhieu,123456,0
643,nguyenduchieu,123456,0
644,vochihieu,123456,0
645,daoleviethoang,123456,0
646,nguyenvanhoang,123456,0
647,caogiahung,123456,0
648,nguyentathung,123456,0
649,doquochuy,123456,0
650,huynhnguyennhatquanghuy,123456,0
651,lydanghuy,123456,0
652,thaihoanghuy,123456,0
653,trandinhhuy,123456,0
654,tranquochuy,123456,0
655,vovanquochuy,123456,0
656,levankhai,123456,0
657,nguyenduykhang,123456,0
658,truongphuckhang,123456,0
659,maidangkhanh,123456,0
660,nguyendokhiem,123456,0
661,truongbaokhiem,123456,0
662,nguyentranduykhuong,123456,0
663,hoangxuankiet,123456,0
664,huynhducle,123456,0
665,nguyenthithuylinh,123456,0
666,lequangloc,123456,0
667,nguyentanloc,123456,0
668,tranphuocloc,123456,0
669,tranxuanloc,123456,0
670,buithanhlong,123456,0
671,lahoanglong,123456,0
672,lehuynhlong,123456,0
673,nguyenbanhatlong,123456,0
674,nguyendanghuynhlong,123456,0
675,nguyendinhthienlong,123456,0
676,nguyenduylong,123456,0
677,tangtruonglong,123456,0
678,thaihoanglong,123456,0
679,tranphilong,123456,0
680,trinhhoanglong,123456,0
681,trinhthanhlong,123456,0
682,vohonglong,123456,0
683,vuthanhlong,123456,0
684,khuuviluan,123456,0
685,tranquangluc,123456,0
686,thaiquynhmai,123456,0
687,huaminhman,123456,0
688,auhongminh,123456,0
689,hominh,123456,0
690,nguyennhuquangminh,123456,0
691,phannhatminh,123456,0
692,vongocminh,123456,0
693,vucongminh,123456,0
694,levanthuanmy,123456,0
695,lethanhnam,123456,0
696,lyduynam,123456,0
697,lekhoinguyen,123456,0
698,onhaonguyen,123456,0
699,huynhthiennhan,123456,0
700,luuthiennhan,123456,0
701,nguyennhan,123456,0
702,tranbuitainhan,123456,0
703,trandinhminhnhan,123456,0
704,duongtrungnhat,123456,0
705,dangnguyenquynhnhu,123456,0
706,nguyenquangphap,123456,0
707,duongtanphat,123456,0
708,todongphat,123456,0
709,trandinhphat,123456,0
710,phamhungphi,123456,0
711,hotranhoangphuc,123456,0
712,lehoangphuc,123456,0
713,nguyenphuc,123456,0
714,nguyenthitamphuc,123456,0
715,truonghoangphuc,123456,0
716,buivuhieuphung,123456,0
717,trandinhphuoc,123456,0
718,duongngocnguyenphuong,123456,0
719,tranthithephuong,123456,0
720,doducquang,123456,0
721,lehongquang,123456,0
722,tranminhquang,123456,0
723,hophamnamquoc,123456,0
724,vudinhquy,123456,0
725,hyphuquyen,123456,0
726,caonguyenanson,123456,0
727,dangkhanhson,123456,0
728,lequangbaoson,123456,0
729,lethanhson,123456,0
730,phamtansu,123456,0
731,dinhletrongtai,123456,0
732,nguyenlequoctai,123456,0
733,thainhattan,123456,0
734,nguyenphuctan,123456,0
735,trinhvantan,123456,0
736,lathanhthai,123456,0
737,ngothanhphuongthai,123456,0
738,haminhthanh,123456,0
739,nguyenquythanh,123456,0
740,leminhthanh,123456,0
741,nguyenchithanh,123456,0
742,nguyencongthanh,123456,0
743,nguyenhathanh,123456,0
744,quachphuthanh,123456,0
745,tantuanthanh,123456,0
746,trinhminhthanh,123456,0
747,vucongthanh,123456,0
748,nguyendinhthao,123456,0
749,nguyennhatthao,123456,0
750,buivanthien,123456,0
751,nguyentanthien,123456,0
752,nguyenphucthinh,123456,0
753,phamquangthinh,123456,0
754,vangphucthinh,123456,0
755,buithianhthu,123456,0
756,leminhtien,123456,0
757,nguyenbatin,123456,0
758,doandinhtoan,123456,0
759,lyquoctoan,123456,0
760,tranngocbaotran,123456,0
761,hodaitri,123456,0
762,phongminhtri,123456,0
763,nguyenquytrien,123456,0
764,nguyendangtrieu,123456,0
765,nguyenductrung,123456,0
766,nguyenhoanganhtu,123456,0
767,buitaductuan,123456,0
768,lengoctuan,123456,0
769,tranquoctuan,123456,0
770,tranthanhtuan,123456,0
771,votranquangtuan,123456,0
772,nguyenvanphituyen,123456,0
773,letrantrucvan,123456,0
774,hohuuvien,123456,0
775,nguyenphamtruongvinh,123456,0
776,tukienvinh,123456,0
777,tranhuyvu,123456,0
778,nguyenphamthanhvy,123456,0
779,kieuconghau,123456,0
780,tukienhoa,123456,0
781,nguyenconganhkhoa,123456,0
782,huynhphananhkiet,123456,0
783,dinhphilong,123456,0
784,tranhalong,123456,0
785,tranquynhnhu,123456,0
786,trandinhsang,123456,0
787,tranthanhtam,123456,0
788,nguyenthaitan,123456,0
789,nguyencongthien,123456,0
790,leminhthanhtu,123456,0
791,nguyenthianhdao,123456,0
792,nguyennhattoan,123456,0
793,nguyenleduchoang,123456,0
794,chuducan,123456,0
795,nguyenngoccuong,123456,0
796,huynhlamhaidang,123456,0
797,ledinhhai,123456,0
798,lethaohuyen,123456,0
799,buiquangminh,123456,0
800,khaudangnhatminh,123456,0
801,hothingocphuong,123456,0
802,nguyenlamtuong,123456,0
803,maiquockhanh,123456,0
804,nguyenbavannhi,123456,0
805,phanvanphat,123456,0
806,nguyenngocbangtam,123456,0
807,caothientri,123456,0
808,truonghoangvu,123456,0
809,huynhgiadat,123456,0
810,dinhdangdinh,123456,0
811,vuthienhoang,123456,0
812,nguyenhuuhung,123456,0
813,buiquanghuy,123456,0
814,vuonghy,123456,0
815,ngonhatkhang,123456,0
816,nguyenthieukhang,123456,0
817,trankykhang,123456,0
818,quachminhkhoi,123456,0
819,tahuynhtuankiet,123456,0
820,nguyenphamtunglam,123456,0
821,phamcongminh,123456,0
822,trinhvanminh,123456,0
823,nguyenthanhngan,123456,0
824,chauhuuphat,123456,0
825,tutanphat,123456,0
826,dinhluongquyen,123456,0
827,nguyenquockhanhtuyen,123456,0
828,haphuonguyen,123456,0
829,lambichvan,123456,0
830,nguyenphuvan,123456,0
831,phamquangvu,123456,0
832,legiabao,123456,0
833,duongbaochan,123456,0
834,thaingocthanhdat,123456,0
835,tranhaianhdien,123456,0
836,phamminhduc,123456,0
837,tranhaiduong,123456,0
838,vokhuongduy,123456,0
839,phamthingocha,123456,0
840,truongquyhai,123456,0
841,nguyenhoanghieu,123456,0
842,nguyenduchoang,123456,0
843,nguyencunghoanghuy,123456,0
844,phandinhhuy,123456,0
845,vuduchuy,123456,0
846,nguyendinhkhanh,123456,0
847,duongvankhoa,123456,0
848,tangocminhkhoa,123456,0
849,nguyentruonglam,123456,0
850,phandamtunglam,123456,0
851,nguyenhoanglinh,123456,0
852,phamthienlong,123456,0
853,huynhtuanluc,123456,0
854,nguyenkhanhnguyen,123456,0
855,daothienphu,123456,0
856,nguyenlamvinhphu,123456,0
857,dinhduyphuoc,123456,0
858,lechaunhatquang,123456,0
859,nguyenduyanhquoc,123456,0
860,nguyenhoangson,123456,0
861,truonglangtruongson,123456,0
862,nguyencongtai,123456,0
863,huynhphamtanthong,123456,0
864,nguyenvantien,123456,0
865,hongocton,123456,0
866,nguyenngoctrung,123456,0
867,vungoctuan,123456,0
868,dothanhtung,123456,0
869,maithicamvan,123456,0
870,ledacvien,123456,0
871,phamdangquangvinh,123456,0
872,hoangvu,123456,0
873,tranvinhlong,123456,0
874,lethanhdanh,123456,0
875,lethikimmy,123456,0
876,hongocminhchau,123456,0
877,tranngocphucchau,123456,0
878,vuduchung,123456,0
879,phamvinhkhang,123456,0
880,ngominhphat,123456,0
881,lengockhoa,123456,0
882,lethienkim,123456,0
883,caohoangnhan,123456,0
884,trannguyenhuenhu,123456,0
885,ngodonhatquang,123456,0
886,ngothienquang,123456,0
887,lehoangdathi,123456,0
888,dinhvuboitran,123456,0
889,vuhoanganh,123456,0
890,hochibao,123456,0
891,nguyendaoquocbao,123456,0
892,phanthanhdat,123456,0
893,vuducduyen,123456,0
894,letrunghieu,123456,0
895,thinhvanhoan,123456,0
896,lequochop,123456,0
897,nguyenhoanghung,123456,0
898,nguyenhuuduykhang,123456,0
899,nguyenhoanganhkhoi,123456,0
900,hoanglan,123456,0
901,lehonglong,123456,0
902,duongquangminh,123456,0
903,nguyengiaminh,123456,0
904,tranhoangthaongan,123456,0
905,nguyenngocnhung,123456,0
906,lequanphat,123456,0
907,buibaoson,123456,0
908,huynhquangthang,123456,0
909,phamdungthong,123456,0
910,luongtranquangtri,123456,0
911,vominhtuan,123456,0
912,lehuyvi,123456,0
913,phanminhvien,123456,0
914,phantuongvy,123456,0
915,nguyenhuudat,123456,0
916,tranphanthanhhai,123456,0
917,luthevy,123456,0
918,nguyenminhan,123456,0
919,nguyenquocbao,123456,0
920,vunguyenthaibinh,123456,0
921,damhaidang,123456,0
922,huynhtuandat,123456,0
923,truonggiadat,123456,0
924,hoanhdung,123456,0
925,vohoangbaoduy,123456,0
926,nguyentienhung,123456,0
927,trinhanhkhoa,123456,0
928,doanngocnhukhoi,123456,0
929,vobachkhoi,123456,0
930,phamtrongvinhkhue,123456,0
931,tranhoangkim,123456,0
932,tranngoclam,123456,0
933,lethiphuonglinh,123456,0
934,dangleminh,123456,0
935,nguyenducnam,123456,0
936,doanhuongngan,123456,0
937,luuthihongngoc,123456,0
938,thaiduynguyen,123456,0
939,levuminhnhat,123456,0
940,tranvinhphat,123456,0
941,leminhsi,123456,0
942,lenguyenhongson,123456,0
943,hoangnhuthanh,123456,0
944,nguyennangtien,123456,0
945,nguyenngocuyentrang,123456,0
946,nguyendothanhtruc,123456,0
947,nguyenthanhtrung,123456,0
948,trandaihoangtrung,123456,0
949,nguyentattruong,123456,0
950,phamanhtuan,123456,0
951,nguyenphuongvy,123456,0
952,tranphanphuocan,123456,0
953,phamngocthienan,123456,0
954,ngohuyanh,123456,0
955,nguyenngocphuonganh,123456,0
956,phamngocanh,123456,0
957,letrangiabao,123456,0
958,vohoanggiabao,123456,0
959,nguyenthaibinh,123456,0
960,nguyenvanbinh,123456,0
961,nguyenthuthaochau,123456,0
962,ngophuchien,123456,0
963,buingocchinh,123456,0
964,phamthanhdang,123456,0
965,caonguyentrongdanh,123456,0
966,dinhphatdat,123456,0
967,tacongdien,123456,0
968,ngonhatdu,123456,0
969,lamtriduc,123456,0
970,nguyenhoangduc,123456,0
971,leduydung,123456,0
972,nguyenvanhungdung,123456,0
973,trieuminhdung,123456,0
974,phamanhduy,123456,0
975,tranquangduy,123456,0
976,nguyengiahan,123456,0
977,phambaohan,123456,0
978,phanminhhieu,123456,0
979,tranthaiduchieu,123456,0
980,nguyenthanhhieu,123456,0
981,lenguyenhuyhoang,123456,0
982,tranviethoang,123456,0
983,nguyenhuahung,123456,0
984,nguyenthehung,123456,0
985,vuviethung,123456,0
986,leminhhuy,123456,0
987,nguyenquanghuy,123456,0
988,vogiahuy,123456,0
989,huynhtuankha,123456,0
990,hoanglekhanh,123456,0
991,bachminhkhoi,123456,0
992,duongminhkhoi,123456,0
993,lethanhkhoi,123456,0
994,holambaokhuyen,123456,0
995,ngovananhkiet,123456,0
996,truonghoanglam,123456,0
997,hoangthiquynhlien,123456,0
998,hoangduythanhlong,123456,0
999,lequangtanlong,123456,0
1000,nguyencaothienlong,123456,0
1001,nguyenluongminhlong,123456,0
1002,trinhquochuylong,123456,0
1003,vophanbaluan,123456,0
1004,lekyluong,123456,0
1005,tranhoangminh,123456,0
1006,tranhongminh,123456,0
1007,danghoanmy,123456,0
1008,vohoangnam,123456,0
1009,nguyenkimthitonga,123456,0
1010,nguyenhieunghia,123456,0
1011,hoangvannguyen,123456,0
1012,nguyentrinhan_2,123456,0
1013,caoquangnhat,123456,0
1014,truongminhnhut,123456,0
1015,dovuongphuc,123456,0
1016,tranvanquyphuoc,123456,0
1017,phamhongquan,123456,0
1018,trananhquan,123456,0
1019,phamnhatquang,123456,0
1020,nguyenngocphusy,123456,0
1021,nguyentantai,123456,0
1022,nguyenngocthanhtam,123456,0
1023,huynhhuytan,123456,0
1024,huynhthimythanh,123456,0
1025,nguyendangthi,123456,0
1026,voxuanthien,123456,0
1027,duongquocthien,123456,0
1028,tranminhthien,123456,0
1029,nguyenhoaithuong,123456,0
1030,nguyenthanhtinh,123456,0
1031,lebakhanhtoan,123456,0
1032,nguyentranthientoan,123456,0
1033,tranthetoan,123456,0
1034,truongminhtri,123456,0
1035,phamdoanngoctrinh,123456,0
1036,hinhichtrinh,123456,0
1037,trankhaitruc,123456,0
1038,nguyenquoctrung,123456,0
1039,phanmanhtruong,123456,0
1040,tranthanhtung,123456,0
1041,ngonguyenkiettuong,123456,0
1042,nguyenmanhvu,123456,0
1043,tranxuanson,123456,0
1044,nguyentrungtin,123456,0
1045,phanvietthang,123456,0
1046,daoduyan,123456,0
1047,nguyenhuuhoangan,123456,0
1048,vuongthanhan,123456,0
1049,lehoangthienan,123456,0
1050,doquocanh,123456,0
1051,lehoanganh,123456,0
1052,letamanh,123456,0
1053,maihoanganh,123456,0
1054,nguyennamanh,123456,0
1055,nguyentrunganh,123456,0
1056,trandongba,123456,0
1057,lagiabao,123456,0
1058,lethaiphucbao,123456,0
1059,nguyenhuynhthebao,123456,0
1060,phamchibao,123456,0
1061,tranlequocbao,123456,0
1062,vuonghoangbao,123456,0
1063,phamnguyenthanhbinh,123456,0
1064,nguyenhoangbuu,123456,0
1065,huynhloichuan,123456,0
1066,lamquoccuong,123456,0
1067,nguyennhatcuong,123456,0
1068,kieuhaidang,123456,0
1069,buicongdanh,123456,0
1070,phanconghuudanh,123456,0
1071,danghuynhdao,123456,0
1072,hovandat,123456,0
1073,letandat,123456,0
1074,lethanhdat,123456,0
1075,nguyenducdat,123456,0
1076,nguyentiendat,123456,0
1077,truongdieudat,123456,0
1078,duongthixuandieu,123456,0
1079,nguyenthingocdieu,123456,0
1080,lexuandinh,123456,0
1081,levandong,123456,0
1082,phankhaidong,123456,0
1083,longmydu,123456,0
1084,hongocminhduc,123456,0
1085,leminhduc,123456,0
1086,nguyenbinhduong,123456,0
1087,vuthaiduong,123456,0
1088,dangnguyenduy,123456,0
1089,hovanduy,123456,0
1090,huynhminhduy,123456,0
1091,levuanhduy,123456,0
1092,nguyenbaoduy,123456,0
1093,nguyenhuynhkhanhduy,123456,0
1094,nguyenvietthanhduy,123456,0
1095,phamducduy,123456,0
1096,phantuongduy,123456,0
1097,tranducduy,123456,0
1098,dinhhaigiang,123456,0
1099,huynhhoanggiang,123456,0
1100,phamleha,123456,0
1101,duongxuanhai,123456,0
1102,vutuanhai,123456,0
1103,buinguyennhathao,123456,0
1104,dangkiethao,123456,0
1105,nguyendinhhao,123456,0
1106,tovuthaihao,123456,0
1107,togiahao,123456,0
1108,nguyenhuuhien,123456,0
1109,phanduchien,123456,0
1110,phanthienvinhhien,123456,0
1111,vuquanghiep,123456,0
1112,huynhcaonhathieu,123456,0
1113,laminhhieu,123456,0
1114,nguyenmanhhieu,123456,0
1115,nguyentrunghieu,123456,0
1116,tranminhhieu,123456,0
1117,ngohuyhoang,123456,0
1118,phanhuyhoang,123456,0
1119,vuquanghop,123456,0
1120,hoangvinhbaohuan,123456,0
1121,letienhung,123456,0
1122,trankhachung,123456,0
1123,buivanhung,123456,0
1124,huynhduyhung,123456,0
1125,macvanhung,123456,0
1126,tranhuuhung,123456,0
1127,bienvudanghuy,123456,0
1128,huynhbahuy,123456,0
1129,levuhuy,123456,0
1130,nguyenduchuy,123456,0
1131,nguyentranphihuy,123456,0
1132,trieunguyenminhhuy,123456,0
1133,voquanghuy,123456,0
1134,vuducquanghuy,123456,0
1135,leduykha,123456,0
1136,nguyenminhkha,123456,0
1137,trantuankha,123456,0
1138,dangduykhang,123456,0
1139,duonglexuankhang,123456,0
1140,hongkienkhang,123456,0
1141,huynhnhatkhang,123456,0
1142,nguyentrangiakhang,123456,0
1143,tangtuongkhang,123456,0
1144,dinhtrongkhanh,123456,0
1145,nguyenlequockhanh,123456,0
1146,tranhoangngankhanh,123456,0
1147,trannamkhanh,123456,0
1148,lethanhkhiem,123456,0
1149,hodangkhoa,123456,0
1150,ngodangkhoa,123456,0
1151,nguyenphananhkhoa,123456,0
1152,phamdackhoa,123456,0
1153,phunganhkhoa,123456,0
1154,lenguyenanhkhoi,123456,0
1155,nguyendangkhoi,123456,0
1156,phamminhkhoi,123456,0
1157,vandinhkhoi,123456,0
1158,nguyenvuduykhuong,123456,0
1159,nguyenthanhkien,123456,0
1160,nguyentuankiet,123456,0
1161,nguyenvanlam,123456,0
1162,doannguyenhuonglan,123456,0
1163,nguyennhutlinh,123456,0
1164,tranthithuylinh,123456,0
1165,vuxuanloc,123456,0
1166,phanvanlong,123456,0
1167,dinhhoalu,123456,0
1168,phanducmanh,123456,0
1169,doannhatminh,123456,0
1170,lenhatminh,123456,0
1171,luongkiemminh,123456,0
1172,nguyenbaminh,123456,0
1173,nguyentanminh,123456,0
1174,phamcaominh,123456,0
1175,tranthihueminh,123456,0
1176,buihuynhtrungnam,123456,0
1177,dinhthanhnam,123456,0
1178,nguyenngocphuongnam,123456,0
1179,tranhoangnam,123456,0
1180,trantrongnam,123456,0
1181,ngotrungnghia,123456,0
1182,lethanhngoc,123456,0
1183,nguyenphankhanhnguyen,123456,0
1184,phanngocnguyen,123456,0
1185,hoangthiennhan,123456,0
1186,luudanhnhan,123456,0
1187,lengocminhnhat,123456,0
1188,dominhnhat,123456,0
1189,lehoangnhat,123456,0
1190,truongquangminhnhat,123456,0
1191,duongthiyennhi,123456,0
1192,leyennhi,123456,0
1193,nguyenthanhnhon,123456,0
1194,tranphamminhnhut,123456,0
1195,lamthinhphat,123456,0
1196,ngoquocphat,123456,0
1197,nguyenxuanphat,123456,0
1198,trieunguyenphat,123456,0
1199,latruongphi,123456,0
1200,nguyenquangphu,123456,0
1201,tranbaophu,123456,0
1202,truongthephu,123456,0
1203,huynhtrongphuc,123456,0
1204,langochongphuc,123456,0
1205,lamhoangphuc,123456,0
1206,nguyendinhhongphuc,123456,0
1207,thaitranhongphuc,123456,0
1208,vodinhphuc,123456,0
1209,tranxuanphuoc,123456,0
1210,hothienphuoc,123456,0
1211,lehoangthinhphuoc,123456,0
1212,nguyenngocphuoc,123456,0
1213,nguyentruongphuoc,123456,0
1214,nguyenthinhuphuong,123456,0
1215,luudangquan,123456,0
1216,dangnguyenminhquan,123456,0
1217,nguyenthanhquan,123456,0
1218,phamtienquan,123456,0
1219,phanthienquan,123456,0
1220,tranthaiquan,123456,0
1221,hoangducquang,123456,0
1222,tangthanhquang,123456,0
1223,vovanchanhquang,123456,0
1224,lehoanganhquoc,123456,0
1225,phamnguyenanhquoc,123456,0
1226,volamhaiquoc,123456,0
1227,quachquangquy,123456,0
1228,nguyenlehuusang,123456,0
1229,nguyenson,123456,0
1230,nguyenhoangvinhson,123456,0
1231,nguyenthaison,123456,0
1232,tranthanhson,123456,0
1233,nguyenhoanhoaitam,123456,0
1234,tranhoangthai,123456,0
1235,nguyencaothang,123456,0
1236,dangcongthanh,123456,0
1237,tongtatthanh,123456,0
1238,tranminhthanh,123456,0
1239,huynhthuthao,123456,0
1240,nguyenthanhthao,123456,0
1241,letranthanhthien,123456,0
1242,hoangthien,123456,0
1243,nguyenthanhthien,123456,0
1244,dangtuthieu,123456,0
1245,buiphuthinh,123456,0
1246,luongtruongthinh,123456,0
1247,nguyenducthinh,123456,0
1248,nguyenphuthinh,123456,0
1249,chungthetho,123456,0
1250,nguyenhoangthong,123456,0
1251,nguyenhuuthong,123456,0
1252,nguyenquocthong,123456,0
1253,votranquangthong,123456,0
1254,nguyenthiminhthu,123456,0
1255,nguyenhuyanhthu,123456,0
1256,nguyenquangthuan,123456,0
1257,tranhoangphuongthy,123456,0
1258,trandinhtien,123456,0
1259,lamngoctien,123456,0
1260,nguyenthaitien,123456,0
1261,phamdoantien,123456,0
1262,phamduytien,123456,0
1263,truongminhtien,123456,0
1264,vutranviettien,123456,0
1265,nguyenmactin,123456,0
1266,huynhlaptin,123456,0
1267,nguyentrongtinh,123456,0
1268,machcanhtoan,123456,0
1269,phamquoctoan,123456,0
1270,phanminhtoan,123456,0
1271,truongchitoan,123456,0
1272,nguyenbaotram,123456,0
1273,truongngocminhtram,123456,0
1274,leminhtri,123456,0
1275,letientri,123456,0
1276,nguyendangtri,123456,0
1277,tranhuutri,123456,0
1278,trankhatri,123456,0
1279,nguyenvanminhtriet,123456,0
1280,lequoctrong,123456,0
1281,tranhuutrong,123456,0
1282,dotientrung,123456,0
1283,lequoctrung,123456,0
1284,nguyenhoangtrung,123456,0
1285,trannguyentrung,123456,0
1286,nguyenquangtruong,123456,0
1287,dinhquangtu,123456,0
1288,nguyentranngoctu,123456,0
1289,phamminhtu,123456,0
1290,trananhtu,123456,0
1291,phandinhtuan,123456,0
1292,nguyenanhtuan,123456,0
1293,phungquoctuan,123456,0
1294,nguyenhuynhkhangtuong,123456,0
1295,nguyenvanvutuong,123456,0
1296,ngotruongtuyen,123456,0
1297,dodinhvan,123456,0
1298,lamchivan,123456,0
1299,lenguyentuvan,123456,0
1300,nguyenducviet,123456,0
1301,nguyenmauviet,123456,0
1302,nguyentanviet,123456,0
1303,tranquocviet,123456,0
1304,duongtienvinh,123456,0
1305,nguyenhoangvu,123456,0
1306,nguyenphanvu,123456,0
1307,nguyenthanhvu,123456,0
1308,honguyenlevy,123456,0
1309,phamnguyentuongvy,123456,0
1310,nguyenkhacvy,123456,0
1311,truongbuuy,123456,0
1312,phanvigiai,123456,0
1313,hoanghuugiap,123456,0
1314,trantrunghieu,123456,0
1315,vonhathuy,123456,0
1316,nguyenmaixuanhuyen,123456,0
1317,chungkimkhanh,123456,0
1318,buidangkhoa,123456,0
1319,nguyenvantanphong,123456,0
1320,nguyenphuqui,123456,0
1321,tanggiaquyen,123456,0
1322,tothanhtuan,123456,0
1323,trananhtuc,123456,0
1324,honhatlinh,123456,0
1325,vominhhoang,123456,0
1326,hoanghiep,123456,0
1327,lebaohiep,123456,0
1328,nguyenhoangkhang,123456,0
1329,nguyenvudangkhoa,123456,0
1330,taquangkhoi,123456,0
1331,tranbaoloi,123456,0
1332,nguyenquanglong,123456,0
1333,nguyenducmanh,123456,0
1334,thaivietnhat,123456,0
1335,nguyenphongphu,123456,0
1336,nguyennhamtan,123456,0
1337,totuanan,123456,0
1338,lequocanh,123456,0
1339,luonghoangchau,123456,0
1340,vohuydang,123456,0
1341,vuhoangdat,123456,0
1342,duongtuandung,123456,0
1343,phanminhduy,123456,0
1344,nguyennhathao,123456,0
1345,tukhaihoai,123456,0
1346,leminhhoang,123456,0
1347,phamviethoang,123456,0
1348,truongviethoang,123456,0
1349,leminhhuan,123456,0
1350,vobuiphuhung,123456,0
1351,lenguyenquangminh,123456,0
1352,tranminhnam,123456,0
1353,dinhvotrucngan,123456,0
1354,buitrongnhan,123456,0
1355,huynhmannhu,123456,0
1356,phanhuynhtanphat,123456,0
1357,nguyenhoainamphuong,123456,0
1358,nguyenxuanquang,123456,0
1359,trannguyendangtam,123456,0
1360,lamhientoan,123456,0
1361,trantobangtrinh,123456,0
1362,vanhoangyen,123456,0
1363,truongnhatanh,123456,0
1364,nguyenviethung,123456,0
1365,lequykhoi,123456,0
1366,dinhmyky,123456,0
1367,nguyenhangoclinh,123456,0
1368,luongthientri,123456,0
1369,thaivoductrong,123456,0
1370,tranlacviet,123456,0
1371,levoducanh,123456,0
1372,builegiacat,123456,0
1373,duonghoanghuy,123456,0
1374,hagiakhang,123456,0
1375,truongducthang,123456,0
1376,vohuynh,123456,0
1377,hotrongbao,123456,0
1378,huynhbadongcat,123456,0
1379,lequoccuong,123456,0
1380,quangthecuong,123456,0
1381,caothanhduy,123456,0
1382,dangtruongduy,123456,0
1383,levinhhien,123456,0
1384,nguyennuduyhoai,123456,0
1385,trandaobaohuan,123456,0
1386,phanvinhkhang,123456,0
1387,legiakhanh,123456,0
1388,phamdinhkhoi,123456,0
1389,hoangthiminhkhue,123456,0
1390,hathienloc,123456,0
1391,vuonghuyhoangluong,123456,0
1392,machvinhphat,123456,0
1393,phamtanphat,123456,0
1394,levanhoangphi,123456,0
1395,hovanquan,123456,0
1396,daonhatquang,123456,0
1397,truongkienquoc,123456,0
1398,lephamnhatquynh,123456,0
1399,nguyenhuynhsang,123456,0
1400,nguyenhotruongson,123456,0
1401,nguyenquangtan,123456,0
1402,nguyenngocthach,123456,0
1403,phamquocthieu,123456,0
1404,luulethuan,123456,0
1405,nguyentrongtin,123456,0
1406,tranthithuytram,123456,0
1407,ngominhtuan,123456,0
1408,hoangthanhtung,123456,0
1409,nguyenminhuyen,123456,0
1410,truongthuytuongvy,123456,0
1411,buiduybao,123456,0
1412,daoquangdung,123456,0
1413,nguyendinhquoc,123456,0
1414,nguyenphuvinh,123456,0
1415,phanhanhan,123456,0
1416,tranquangminh,123456,0
1417,tukhanhduy,123456,0
1418,nguyenthimyduyen,123456,0
1419,tranngocthugiang,123456,0
1420,phamquanghuy,123456,0
1421,huynhgiakhiem,123456,0
1422,phamhominhkhue,123456,0
1423,phamvanloc,123456,0
1424,levietluc,123456,0
1425,duongdinhphuc,123456,0
1426,tranminhquan,123456,0
1427,trandaoxuantri,123456,0
1428,trantattri,123456,0
1429,hathithanhtu,123456,0
1430,nguyenvanchinh,123456,0
1431,phamthaiduong,123456,0
1432,nguyentrananhduy,123456,0
1433,nguyenhotrunghieu,123456,0
1434,tranthienkhiem,123456,0
1435,ledakhoa,123456,0
1436,nguyenhuynhman,123456,0
1437,nguyenthienminh,123456,0
1438,nguyencuongnam,123456,0
1439,vuhoainam,123456,0
1440,doanvannghi,123456,0
1441,luuminhnhat,123456,0
1442,nguyenmongthanhnhi,123456,0
1443,ngothihoangoanh,123456,0
1444,nguyenquocphat,123456,0
1445,truongtanphong,123456,0
1446,caominhquang,123456,0
1447,truongkimtan,123456,0
1448,truongdotruongthinh,123456,0
1449,nguyentranminhthu,123456,0
1450,phamngocanhthu,123456,0
1451,truongtranphuctin,123456,0
1452,nguyenminhtriet,123456,0
1453,thieuvinhtrung,123456,0
1454,vochituong,123456,0
1455,nguyenphucuyen,123456,0
1456,haquocanh,123456,0
1457,hoangquocbao,123456,0
1458,huynhminhbao,123456,0
1459,nguyenducbao,123456,0
1460,huynhminhchien,123456,0
1461,khavinhdat,123456,0
1462,daodaihai,123456,0
1463,ngogiahai,123456,0
1464,phungduchai,123456,0
1465,tranminhhiep,123456,0
1466,nguyenthanhhoang,123456,0
1467,vovanhoang,123456,0
1468,huynhmanhhung,123456,0
1469,nguyenmanhhung,123456,0
1470,buigiahuy,123456,0
1471,duongthanhhuy,123456,0
1472,lenguyentruonghuy,123456,0
1473,nguyenphuocgiahuy,123456,0
1474,trandamgiahuy,123456,0
1475,truonggiahuy,123456,0
1476,quachdinhhuythien,123456,0
1477,buiminhkhai,123456,0
1478,nguyenthoaidangkhoa,123456,0
1479,tranngocminhkhoa,123456,0
1480,vodinhkhoi,123456,0
1481,trangialac,123456,0
1482,nguyenxuanhoanglam,123456,0
1483,luuhoangminh,123456,0
1484,nguyenducminh,123456,0
1485,vocongminh,123456,0
1486,lamvinguyen,123456,0
1487,ngovantrungnguyen,123456,0
1488,leminhnhan,123456,0
1489,voduynhan,123456,0
1490,dotranminhnhat,123456,0
1491,lehobaonhat,123456,0
1492,nguyenduynien,123456,0
1493,luuminhphat,123456,0
1494,nguyenkhaiphu,123456,0
1495,phanminhphuc,123456,0
1496,nguyentranmaiphuong,123456,0
1497,nguyennhatquan,123456,0
1498,tranhongquan,123456,0
1499,hominhthanhtai,123456,0
1500,nguyensanhtai,123456,0
1501,levohuynhthanh,123456,0
1502,nguyenlehoangthong,123456,0
1503,lamthixuanthy,123456,0
1504,nguyenngocbaotram,123456,0
1505,nguyenthienhoangtri,123456,0
1506,phamminhtriet,123456,0
1507,lethanhtu,123456,0
1508,letronganhtu,123456,0
1509,nguyenminhtuan,123456,0
1510,nguyenminhvan,123456,0
1511,vuletrongvan,123456,0
1512,tranquangvinh,123456,0
1513,dothuyphuongvy,123456,0
1514,vongockhanhvy,123456,0
1515,nguyentrinhnhuy,123456,0
1516,buingocmyan,123456,0
1517,hoanghuuminhan,123456,0
1518,nguyenducan,123456,0
1519,truongthienan,123456,0
1520,lequockyanh,123456,0
1521,phanhuudoananh,123456,0
1522,duongnguyengiabao,123456,0
1523,huynhquocbao,123456,0
1524,lamquocbao,123456,0
1525,nguyenminhgiabao,123456,0
1526,nguyenphucbao,123456,0
1527,phamnguyengiabao,123456,0
1528,tranlehoangbao,123456,0
1529,tranngogiabao,123456,0
1530,phamthaibinh,123456,0
1531,dangbaochau,123456,0
1532,phamvocuong,123456,0
1533,lehaidang,123456,0
1534,buitiendat,123456,0
1535,nguyentuandat,123456,0
1536,nguyenvandat,123456,0
1537,nguyenvuthanhdat,123456,0
1538,tranquocdat,123456,0
1539,tranhuynhngocdiep,123456,0
1540,dangminhduc,123456,0
1541,huynhminhduc,123456,0
1542,nguyenvietduc,123456,0
1543,buituandung,123456,0
1544,lephiduong,123456,0
1545,phamgiangthaiduong,123456,0
1546,hoquocduy,123456,0
1547,letuanduy,123456,0
1548,phannguyenthanhduy,123456,0
1549,maitrangiahan,123456,0
1550,nguyenthithanhhang,123456,0
1551,phamanhhao,123456,0
1552,lenguyenchihieu,123456,0
1553,letrantrunghieu,123456,0
1554,nguyentanhieu,123456,0
1555,buithithanhhoa,123456,0
1556,nguyensonhoa,123456,0
1557,tranthanhhoa,123456,0
1558,levanhoan,123456,0
1559,nguyenhuyhoan,123456,0
1560,phamhuyhoang,123456,0
1561,phamviethoang_2,123456,0
1562,vuhuyhoang,123456,0
1563,truongquochuan,123456,0
1564,donguyenhung,123456,0
1565,dotunggiahung,123456,0
1566,trannguyenlonghung,123456,0
1567,builequanghuy,123456,0
1568,hahuynhduchuy,123456,0
1569,nguyenhoanggiahuy,123456,0
1570,nguyenquochuy,123456,0
1571,nguyenquocdanghuy,123456,0
1572,trananhhuy,123456,0
1573,tranvinhquochuy,123456,0
1574,truongvinhhuy,123456,0
1575,luonggiahy,123456,0
1576,nguyendangtuankhai,123456,0
1577,huynhtruongminhkhang,123456,0
1578,luchikhang,123456,0
1579,nguyennamkhang,123456,0
1580,truongbaokhang,123456,0
1581,vominhkhang,123456,0
1582,vunhatkhang,123456,0
1583,nguyenphuongkhanh,123456,0
1584,vudinhduykhanh,123456,0
1585,maianhkhiem,123456,0
1586,nguyentrandangkhoa,123456,0
1587,duongminhanhkhoi,123456,0
1588,ledangminhkhoi,123456,0
1589,nguyentruongminhkhoi,123456,0
1590,buidangtuankiet,123456,0
1591,buituankiet,123456,0
1592,nguyenbuihoanglam,123456,0
1593,duongdangthanhlam,123456,0
1594,togialam,123456,0
1595,nguyenhoangthaolinh,123456,0
1596,duphatloc,123456,0
1597,huynhthelong,123456,0
1598,phamthanhlong,123456,0
1599,phanhoanglong,123456,0
1600,nguyentanluc,123456,0
1601,hoangnhatminh,123456,0
1602,phanthanhminh,123456,0
1603,daotrongnam,123456,0
1604,hobanam,123456,0
1605,nguyenthanhnam,123456,0
1606,phanxuannam,123456,0
1607,vothanhnam,123456,0
1608,lethuynga,123456,0
1609,hothithanhngan,123456,0
1610,lethungan,123456,0
1611,ngogiangan,123456,0
1612,tonguyentrucnghi,123456,0
1613,trananhngoc,123456,0
1614,doannguyenphucnguyen,123456,0
1615,hoangphuocnguyen,123456,0
1616,huynhthanhnguyen,123456,0
1617,nguyenvunhamnguyen,123456,0
1618,dotrongnhan,123456,0
1619,nguyenthiennhan,123456,0
1620,hadangnhuan,123456,0
1621,tranthituyetnhung,123456,0
1622,tonphuongoanh,123456,0
1623,tranthinhphat,123456,0
1624,lenguyennhatphu,123456,0
1625,nguyentrieuphu,123456,0
1626,nguyenvanphu,123456,0
1627,tranthithanhphu,123456,0
1628,ledinhphuc,123456,0
1629,nguyenhoangphuc,123456,0
1630,phungnghiaphuc,123456,0
1631,tranhongminhphuc,123456,0
1632,dinhcaohongphuoc,123456,0
1633,nguyennamphuong,123456,0
1634,lamquanganhquan,123456,0
1635,phamdangquan,123456,0
1636,quinguyenphuocdinhquan,123456,0
1637,lenguyenminhquang,123456,0
1638,nguyenngocquang,123456,0
1639,nguyentranminhquang,123456,0
1640,tranhoangminhquang,123456,0
1641,lamquen,123456,0
1642,dinhanhquoc,123456,0
1643,nguyenvukienquoc,123456,0
1644,tranquanganquoc,123456,0
1645,tranthaoquyen,123456,0
1646,nguyennhatquynh,123456,0
1647,phanminhsang,123456,0
1648,nguyenleson,123456,0
1649,duongsong,123456,0
1650,nguyenquocsu,123456,0
1651,vothanhsuong,123456,0
1652,nguyenchitai,123456,0
1653,phamminhtai,123456,0
1654,phantritai,123456,0
1655,trannguyenanhtai,123456,0
1656,phamcaominhtam,123456,0
1657,leduytan,123456,0
1658,trannhattan,123456,0
1659,vonhattan,123456,0
1660,luongvuthai,123456,0
1661,doquocthang,123456,0
1662,ngohuunhatthanh,123456,0
1663,buiquangthanh,123456,0
1664,trinhducthien,123456,0
1665,nguyenduythinh,123456,0
1666,nguyenphatthinh,123456,0
1667,phamhuycuongthinh,123456,0
1668,phamnguyenphuocthinh,123456,0
1669,tranquangthinh,123456,0
1670,truonggiathinh,123456,0
1671,honguyenminhthu,123456,0
1672,vohienhaithuan,123456,0
1673,nguyenchithuan,123456,0
1674,nguyendinhthuan,123456,0
1675,nguyenminhthuan,123456,0
1676,tranquocthuan,123456,0
1677,phanthanhthuy,123456,0
1678,nguyenminhtien,123456,0
1679,trannhattang,123456,0
